DATE,OPEN,CLOSE,HIGH,LOW,LTP,VOLUME,VALUE,NO OF TRADES
2024-01-20,2930.0,2987.9,3015.85,2890.5,2987.85,1878793,5522730668.25,83748
2024-01-19,2945.35,2915.65,2949.45,2903.05,2915.3,2014096,5893978244.3,88297
2024-01-18,2975.55,2918.9,2985.0,2885.1,2925.05,2552342,7461140978.65,137932
2024-01-17,3033.0,2971.05,3045.0,2946.3,2978.0,2897218,8676248061.65,116205
2024-01-16,3095.0,3056.5,3104.5,3035.0,3059.0,2515564,7714232714.0,81017
2024-01-15,3127.0,3089.5,3130.0,3067.45,3091.3,1407007,4355339346.3,66077
2024-01-12,3096.35,3104.1,3125.0,3068.2,3105.4,1795933,5567509144.4,81003
2024-01-11,3120.0,3080.9,3129.0,3065.0,3084.0,2008103,6203481301.7,82014
2024-01-10,3024.0,3098.2,3112.0,3020.05,3107.8,3590297,11050048556.25,146816
2024-01-09,2990.7,3014.6,3068.8,2980.0,3024.95,2885706,8742614470.7,124090
2024-01-08,3020.0,2963.5,3027.0,2952.95,2965.0,1849061,5530100075.95,77114
2024-01-05,3009.95,3006.6,3066.9,2981.1,3009.0,3219949,9743825898.6,125926
2024-01-04,3039.4,2998.3,3044.45,2990.0,2996.0,2975620,8961246158.7,122929
2024-01-03,3047.0,3003.0,3199.0,2955.6,3005.0,19725411,60370840646.55,762896
2024-01-02,2922.0,2932.4,2948.2,2841.0,2931.0,2671368,7757572526.85,116025
2024-01-01,2852.3,2917.2,2947.0,2842.05,2902.85,2898619,8448146788.55,116403
2023-12-29,2823.9,2848.95,2863.3,2802.85,2849.05,1507086,4277689534.2,65085
2023-12-28,2855.0,2809.9,2867.35,2800.1,2816.9,4102912,11564085525.15,108070
2023-12-27,2880.7,2843.35,2894.8,2833.6,2846.0,1698325,4847407216.0,96864
2023-12-26,2817.0,2865.45,2893.75,2800.1,2877.05,2048484,5857741774.5,124764
2023-12-22,2815.95,2808.35,2847.6,2791.4,2806.0,1513956,4268777915.65,76777
2023-12-21,2750.0,2799.75,2821.95,2725.0,2812.9,2678577,7469027877.1,139231
2023-12-20,2946.0,2783.85,2968.0,2766.2,2775.0,3417739,9809137609.45,171337
2023-12-19,2988.8,2941.25,2994.35,2915.0,2940.0,1741493,5138037764.3,81742
2023-12-18,2993.95,2980.6,3027.75,2961.1,2974.0,2315922,6931728099.2,100133
2023-12-15,2912.05,2991.8,3000.0,2893.9,2987.0,4921484,14580486604.4,180486
2023-12-14,2900.95,2894.05,2932.95,2887.0,2893.0,3224681,9379561819.45,140194
2023-12-13,2860.0,2875.05,2899.1,2805.0,2887.0,2805832,8009940320.7,118936
2023-12-12,2869.1,2857.65,2895.95,2840.55,2855.0,2017772,5780040717.6,91033
2023-12-11,2837.05,2855.8,2919.9,2811.05,2862.0,5064123,14523504974.75,202891
2023-12-08,2902.7,2822.15,2927.0,2760.0,2829.9,6959428,19759155358.9,289285
2023-12-07,2900.0,2887.15,2945.9,2853.05,2892.3,6325887,18336199561.95,265235
2023-12-06,3080.0,2883.95,3154.55,2844.85,2893.0,19355777,57825483120.9,780601
2023-12-05,2531.2,2959.35,2999.9,2531.2,2971.0,22879079,64156447743.8,753504
2023-12-04,2549.95,2531.2,2595.0,2487.45,2523.0,5681516,14373087646.7,226984
2023-12-01,2370.0,2362.7,2403.35,2354.1,2359.0,1792983,4253634730.25,79854
2023-11-30,2400.05,2358.55,2409.0,2343.05,2365.5,2983879,7047004275.9,128913
2023-11-29,2468.7,2396.6,2477.65,2390.0,2394.0,4561574,11084579616.15,176974
2023-11-28,2301.0,2423.5,2512.4,2275.0,2430.0,11972275,28926420088.25,429582
2023-11-24,2179.0,2225.45,2251.95,2160.9,2250.0,1946259,4293526664.3,91515
2023-11-23,2190.0,2175.25,2190.0,2160.6,2179.0,729114,1587169763.6,38958
2023-11-22,2205.15,2172.65,2225.0,2153.5,2175.0,1247205,2713231089.5,58112
2023-11-21,2160.0,2196.65,2232.55,2158.35,2197.6,1839502,4059915039.85,90480
2023-11-20,2211.0,2149.85,2218.5,2142.0,2151.0,1577213,3428383501.5,78926
2023-11-17,2205.9,2208.8,2237.95,2201.0,2209.0,916518,2031296887.95,43810
2023-11-16,2226.0,2205.9,2232.8,2196.1,2203.0,1307584,2891620666.8,73917
2023-11-15,2240.0,2225.4,2250.0,2220.5,2223.95,696475,1552018196.9,33170
2023-11-13,2215.5,2213.65,2241.9,2195.55,2218.0,853633,1888885758.9,42537
2023-11-12,2219.7,2211.35,2226.0,2205.1,2207.5,148320,328662055.15,9273
2023-11-10,2220.25,2205.1,2237.0,2198.5,2209.0,1072597,2375324609.65,45963
2023-11-09,2269.0,2214.65,2272.6,2210.1,2219.95,1267890,2829138782.25,63026
2023-11-08,2245.3,2259.95,2298.0,2235.0,2259.0,1169180,2646835537.1,58323
2023-11-07,2257.0,2233.35,2260.0,2226.65,2235.45,641554,1437523748.7,33475
2023-11-06,2253.95,2246.0,2260.0,2233.0,2245.1,770061,1728692251.5,43846
2023-11-03,2215.3,2229.85,2279.0,2215.0,2229.25,1853300,4159308564.5,82880
2023-11-02,2247.0,2215.3,2297.95,2204.2,2214.0,2340997,5260384045.65,127122
2023-11-01,2299.0,2217.3,2312.25,2207.0,2215.9,1666579,3755405086.0,79883
2023-10-31,2320.0,2294.65,2320.0,2276.0,2297.0,1155280,2651095271.0,52388
2023-10-30,2260.05,2299.1,2305.0,2250.0,2294.55,996448,2278304897.95,53630
2023-10-27,2222.0,2261.7,2275.0,2212.0,2259.8,1244293,2795295146.1,63625
2023-10-26,2249.0,2203.2,2249.0,2167.05,2208.0,2226073,4903212151.45,128777
2023-10-25,2320.0,2257.0,2348.05,2235.3,2261.0,1540819,3524352117.45,79580
2023-10-23,2397.8,2308.65,2412.35,2301.8,2304.95,1483549,3471263391.9,81837
2023-10-20,2398.05,2393.75,2443.95,2382.05,2395.0,1240350,2981129985.5,56041
2023-10-19,2400.0,2402.2,2414.7,2382.55,2403.55,1168822,2804003202.1,67638
2023-10-18,2440.0,2406.35,2441.75,2401.05,2410.0,776977,1878093951.25,40653
2023-10-17,2459.95,2428.4,2462.0,2423.5,2429.8,707543,1727246807.2,39591
2023-10-16,2454.55,2429.35,2464.7,2421.85,2430.0,803856,1967421016.75,42165
2023-10-13,2488.9,2454.55,2495.0,2422.35,2449.0,2278682,5574823517.4,97378
2023-10-12,2499.9,2506.35,2521.75,2490.65,2505.1,1804818,4523760184.35,59299
2023-10-11,2533.9,2488.6,2538.0,2482.5,2497.0,1627836,4090232724.05,56575
2023-10-10,2443.0,2498.3,2517.95,2443.0,2495.0,1771910,4416049471.85,70051
2023-10-09,2440.0,2442.6,2459.7,2411.3,2440.0,1408224,3429085601.55,59652
2023-10-06,2466.35,2478.1,2514.95,2466.05,2479.9,1510035,3761755870.3,59609
2023-10-05,2477.95,2466.35,2486.5,2446.4,2466.0,1132455,2790508599.5,64651
2023-10-04,2402.2,2464.95,2502.75,2392.25,2464.3,2857377,7006150132.1,124922
2023-10-03,2418.0,2387.25,2424.9,2372.0,2387.1,2019899,4838355244.7,70447
2023-09-29,2462.05,2413.9,2479.55,2405.05,2416.0,1689201,4105165312.7,81407
2023-09-28,2489.95,2475.25,2511.0,2446.7,2477.1,2225560,5516252181.95,75079
2023-09-27,2460.0,2483.3,2498.0,2445.1,2484.0,1077373,2666789719.35,42234
2023-09-26,2491.0,2457.95,2499.0,2452.6,2458.5,698863,1729310964.4,35719
2023-09-25,2479.95,2482.1,2489.0,2424.0,2484.0,1216898,2993992416.55,62473
2023-09-22,2489.95,2464.9,2498.0,2460.0,2462.0,865589,2141528315.0,44391
2023-09-21,2479.8,2479.25,2503.8,2461.0,2481.0,1279908,3177248552.25,72931
2023-09-20,2502.4,2470.3,2533.65,2458.9,2470.4,1203019,2994474438.95,53694
2023-09-18,2552.0,2502.45,2555.0,2491.0,2503.0,861677,2172682220.55,41768
2023-09-15,2519.8,2540.05,2558.0,2514.2,2537.9,1547001,3928138873.75,59448
2023-09-14,2541.85,2519.8,2545.0,2506.05,2516.0,1218481,3075505237.2,66834
2023-09-13,2545.7,2518.9,2566.95,2496.0,2525.0,1780068,4500935940.0,64129
2023-09-12,2622.45,2535.7,2626.6,2530.0,2532.05,5658774,14461129168.9,147400
2023-09-11,2565.0,2614.95,2630.25,2546.0,2612.0,9148241,23612771041.4,181137
2023-09-08,2513.8,2519.3,2538.6,2506.1,2519.0,5640973,14251847311.05,91658
2023-09-07,2498.0,2509.5,2520.0,2485.0,2506.0,4298988,10773283012.1,65954
2023-09-06,2494.05,2496.5,2504.0,2471.0,2489.45,7416248,18494182978.55,129014
2023-09-05,2482.0,2494.05,2501.4,2464.0,2488.0,6489319,16146683103.2,124950
2023-09-04,2454.0,2470.6,2480.0,2450.05,2470.5,5998454,14819412140.3,104932
2023-09-01,2381.0,2450.05,2465.55,2380.0,2449.9,6764397,16517563367.45,169694
2023-08-31,2449.95,2419.25,2489.95,2383.75,2425.0,6230369,15185030913.5,209189
2023-08-30,2517.0,2513.1,2543.0,2492.4,2510.0,6484593,16379233763.05,116612
2023-08-29,2472.1,2506.45,2536.65,2445.0,2507.6,4802150,12023427681.2,164344
2023-08-28,2550.0,2472.45,2582.0,2455.65,2473.95,4457038,11142335573.9,147610
2023-08-25,2549.0,2495.75,2549.0,2486.0,2490.0,2808721,7054026094.6,102176
2023-08-24,2580.0,2539.55,2613.0,2531.1,2542.2,4558367,11736977191.35,157473
2023-08-23,2720.0,2530.3,2722.4,2488.85,2539.0,5251316,13670218778.7,189702
2023-08-22,2668.85,2698.05,2721.0,2654.1,2694.9,10291468,27749870491.95,216090
2023-08-21,2588.0,2639.75,2655.0,2580.5,2637.0,10479200,27566698929.2,216694
2023-08-18,2477.5,2577.4,2665.95,2461.3,2570.95,14679923,37624390938.65,344747
2023-08-17,2454.95,2479.7,2487.2,2442.05,2477.5,7769452,19133532962.0,134500
2023-08-16,2450.0,2445.1,2465.0,2420.0,2442.0,7084828,17364807267.65,130359
2023-08-14,2480.0,2456.0,2484.95,2400.05,2446.95,9786919,23982284091.8,250812
2023-08-11,2550.05,2539.5,2568.15,2518.2,2538.0,7157372,18268636286.9,153795
2023-08-10,2510.0,2552.4,2577.5,2510.0,2549.0,8140756,20755160585.65,186434
2023-08-09,2488.35,2507.1,2516.9,2472.0,2506.0,5781400,14453893901.9,137283
2023-08-08,2563.25,2474.55,2563.25,2461.3,2477.05,6127920,15299070980.1,165124
2023-08-07,2550.95,2550.5,2569.0,2516.4,2552.0,4684333,11924966355.5,104084
2023-08-04,2545.3,2541.8,2557.9,2502.0,2536.15,3294056,8351296255.9,91387
2023-08-03,2469.9,2532.6,2550.0,2462.0,2535.0,4720470,11877602816.95,164423
2023-08-02,2493.0,2473.55,2514.0,2451.0,2473.1,2506971,6233865419.4,92290
2023-08-01,2504.85,2481.1,2514.0,2455.25,2481.9,1575727,3909177435.9,66292
2023-07-31,2477.0,2492.2,2518.0,2467.0,2490.05,3359974,8367186317.05,95349
2023-07-28,2437.0,2463.2,2481.65,2431.1,2459.0,2339800,5758932648.45,83380
2023-07-27,2470.75,2428.4,2485.0,2415.0,2433.6,2243944,5487706284.7,79442
2023-07-26,2472.45,2470.75,2506.0,2446.0,2468.0,4021773,9972407788.65,123641
2023-07-25,2428.0,2466.65,2479.0,2416.0,2465.1,3017555,7381385331.5,93641
2023-07-24,2430.0,2418.2,2439.4,2412.05,2416.0,1113193,2699158291.2,44300
2023-07-21,2410.0,2416.3,2457.85,2395.3,2420.0,2280563,5548541704.8,86825
2023-07-20,2428.95,2419.75,2433.9,2400.0,2419.95,1564275,3785103681.75,69720
2023-07-19,2428.65,2423.75,2443.0,2416.9,2423.9,1637260,3975403534.9,66734
2023-07-18,2415.0,2416.9,2510.0,2405.2,2416.0,5978272,14625779348.15,218769
2023-07-17,2399.9,2408.55,2459.5,2391.3,2410.0,3090373,7494614124.4,126827
2023-07-14,2375.0,2376.1,2385.0,2340.0,2382.0,1353535,3198765547.9,59601
2023-07-13,2397.0,2362.05,2405.7,2355.55,2363.0,1247741,2970900602.65,54521
2023-07-12,2429.9,2387.9,2432.0,2380.45,2390.0,1445282,3469752710.85,62902
2023-07-11,2423.75,2422.9,2444.95,2388.0,2418.0,2247776,5447759736.2,89046
2023-07-10,2392.8,2410.25,2462.7,2355.0,2411.8,3771285,9093765747.25,133840
2023-07-07,2395.0,2379.6,2409.95,2368.1,2380.0,1823645,4351900440.1,63030
2023-07-06,2399.15,2402.9,2427.6,2390.0,2397.05,2476366,5959009118.4,72164
2023-07-05,2391.0,2399.15,2412.05,2374.0,2401.0,2198481,5265465615.7,64720
2023-07-04,2397.0,2387.7,2414.0,2373.05,2388.0,2308684,5529352671.3,79061
2023-07-03,2405.0,2385.5,2417.85,2373.2,2384.75,2662358,6370738865.55,89985
2023-06-30,2437.95,2388.05,2437.95,2350.0,2390.0,5125497,12254672232.5,175623
2023-06-28,2300.0,2402.0,2418.6,2293.85,2413.0,28353193,66088351633.8,319100
2023-06-27,2328.95,2284.45,2343.85,2271.0,2283.9,3361053,7748710533.35,119408
2023-06-26,2210.05,2295.6,2336.45,2173.05,2301.9,7847341,17916582963.75,282882
2023-06-23,2392.3,2233.55,2392.3,2163.3,2229.0,15213238,34163587614.25,538949
2023-06-22,2425.1,2397.25,2449.95,2360.0,2393.0,8459191,20336975554.45,126915
2023-06-21,2426.7,2405.95,2440.0,2393.1,2425.0,7418013,17826295349.85,97423
2023-06-20,2435.0,2414.8,2435.0,2390.0,2419.0,2479711,5985305541.7,94144
2023-06-19,2504.0,2401.4,2521.6,2350.0,2411.45,11475674,27704469849.0,240481
2023-06-16,2499.2,2509.6,2526.9,2487.4,2504.9,7999982,20072330922.65,119702
2023-06-15,2469.0,2485.65,2527.0,2462.9,2488.0,3744029,9350929369.8,128109
2023-06-14,2469.9,2457.15,2484.8,2452.35,2457.0,1364403,3364663380.2,52469
2023-06-13,2499.0,2462.55,2505.0,2442.2,2464.05,2210990,5478147126.6,84140
2023-06-12,2460.0,2484.8,2505.0,2432.6,2492.4,2804898,6944666332.2,109217
2023-06-09,2447.95,2451.15,2458.9,2428.0,2454.0,1948506,4766477363.0,70948
2023-06-08,2450.0,2429.15,2475.9,2369.05,2436.2,3781621,9198736069.95,143560
2023-06-07,2453.0,2439.55,2466.95,2435.0,2440.5,2522516,6178005370.6,85030
2023-06-06,2475.0,2433.65,2506.95,2425.9,2430.05,6473608,15834607233.95,142108
2023-06-05,2463.2,2433.95,2514.0,2428.0,2440.0,2956768,7289898971.7,124934
2023-06-02,2535.0,2445.05,2538.9,2425.0,2440.0,5543791,13633668219.65,141696
2023-06-01,2499.9,2492.15,2560.0,2485.3,2496.0,1704946,4275137755.2,72211
2023-05-31,2482.0,2493.35,2573.0,2428.0,2494.0,4268439,10698799708.45,181970
2023-05-30,2529.3,2496.45,2554.15,2475.15,2497.0,1736953,4380850868.55,80071
2023-05-29,2570.0,2534.05,2583.5,2523.0,2533.0,2779432,7085912286.85,113984
2023-05-26,2565.0,2544.35,2599.95,2535.15,2540.0,3963515,10143788505.15,170861
2023-05-25,2440.0,2537.45,2558.8,2386.65,2548.0,8434009,20839672856.8,345309
2023-05-24,2709.0,2475.6,2750.0,2425.35,2475.0,23465761,59937752898.1,834165
2023-05-23,2410.9,2633.7,2759.45,2400.0,2639.95,28432888,74949700740.8,873248
2023-05-22,2010.0,2326.1,2347.0,1983.4,2338.55,26311368,58225795208.9,779253
2023-05-19,1888.0,1956.05,1983.0,1872.1,1955.0,7541150,14581971986.6,249199
2023-05-18,1910.05,1890.0,1924.0,1877.2,1883.0,2437396,4632836955.0,73391
2023-05-17,1900.0,1899.5,1919.95,1857.75,1897.05,3632797,6865480354.6,121068
2023-05-16,1927.0,1889.15,1935.0,1881.0,1898.0,3058799,5834282250.6,93909
2023-05-15,1959.9,1916.05,1964.7,1880.0,1910.0,4836782,9242986976.85,166552
2023-05-12,2009.0,1964.7,2010.0,1946.55,1965.0,3816201,7528132764.95,124303
2023-05-11,1925.0,1984.65,2013.75,1910.0,1988.0,8835941,17440495295.55,291184
2023-05-10,1899.0,1892.15,1914.9,1883.95,1891.0,1970906,3746524065.5,71745
2023-05-09,1900.0,1896.1,1930.0,1889.1,1895.4,2700563,5158155691.85,88427
2023-05-08,1920.3,1887.5,1926.9,1876.0,1892.0,2835197,5369263788.0,101164
2023-05-05,1954.8,1920.3,1955.0,1903.15,1919.2,6137744,11851215203.3,207327
2023-05-04,1839.05,1911.25,1935.0,1839.05,1925.0,4842127,9136040023.05,168632
2023-05-03,1919.0,1839.0,1940.0,1785.35,1834.0,5849432,10859776808.7,228734
2023-05-02,1935.0,1919.85,1966.0,1908.0,1919.0,3813963,7369855740.3,143521
2023-04-28,1868.05,1924.95,1944.0,1857.15,1922.0,6159130,11778131664.3,226409
2023-04-27,1848.0,1853.05,1864.95,1832.55,1854.0,1782360,3297304285.5,71276
2023-04-26,1854.0,1847.9,1874.0,1826.4,1846.05,2422711,4493590961.1,96443
2023-04-25,1806.0,1844.6,1913.75,1801.8,1847.65,5364841,10006496438.8,201111
2023-04-24,1804.0,1801.95,1817.4,1775.8,1802.0,1963582,3532926108.55,83370
2023-04-21,1846.0,1803.0,1853.25,1796.05,1802.0,2090833,3796946442.95,87940
2023-04-20,1855.0,1842.9,1878.9,1836.85,1846.0,2016823,3738787276.0,75110
2023-04-19,1847.0,1853.85,1877.7,1835.0,1851.0,2455884,4561782022.4,95034
2023-04-18,1892.0,1850.95,1902.75,1830.0,1844.9,2542401,4739293431.6,103734
2023-04-17,1870.75,1878.75,1904.9,1847.0,1878.45,2983032,5600695388.35,121123
2023-04-13,1855.0,1870.75,1885.0,1826.05,1869.5,3402280,6323988503.3,126886
2023-04-12,1814.0,1847.25,1858.75,1797.05,1848.0,4809035,8850122661.8,162125
2023-04-11,1810.0,1803.15,1829.0,1792.85,1800.0,2883672,5216680033.9,105302
2023-04-10,1774.0,1797.25,1812.7,1760.6,1797.0,4197975,7526019234.05,175216
2023-04-06,1705.0,1754.05,1793.65,1688.15,1752.6,6012473,10524302365.35,241838
2023-04-05,1717.45,1698.0,1737.95,1671.55,1701.5,3690559,6274770522.45,153045
2023-04-03,1750.45,1717.45,1754.95,1695.5,1718.0,3445796,5918469863.8,142156
2023-03-31,1788.0,1750.45,1825.0,1740.0,1742.1,4893249,8675737329.15,217475
2023-03-29,1602.95,1740.4,1756.0,1591.1,1749.5,9332702,15796063065.4,372047
2023-03-28,1727.95,1600.85,1733.0,1573.0,1602.95,8144878,13284634677.8,355424
2023-03-27,1740.65,1723.05,1757.4,1682.0,1721.35,5053055,8707723637.95,225632
2023-03-24,1796.0,1740.65,1823.0,1695.25,1745.95,6187968,10872050512.05,274938
2023-03-23,1794.0,1794.0,1834.0,1780.0,1800.0,4108804,7421203031.0,169920
2023-03-22,1834.0,1815.4,1850.0,1806.15,1809.35,3248124,5930335770.35,130781
2023-03-21,1836.95,1824.25,1861.0,1804.95,1821.5,4094018,7489199702.8,158108
2023-03-20,1837.0,1804.95,1849.95,1777.4,1812.0,5168139,9332429725.15,227261
2023-03-17,1901.0,1876.55,1918.85,1845.0,1874.0,5969594,11167944229.35,263971
2023-03-16,1861.0,1843.8,1875.0,1795.0,1840.0,6509495,11969202063.8,311541
2023-03-15,1760.9,1839.0,1891.45,1728.1,1838.0,12296703,22254903981.5,573832
2023-03-14,1874.0,1738.2,1874.85,1651.35,1730.0,12679663,22099819684.25,551558
2023-03-13,1917.0,1874.4,1985.0,1857.4,1859.0,7572604,14557763249.8,373128
2023-03-10,1870.0,1896.2,1940.0,1820.6,1894.2,9419942,17800126062.5,465434
2023-03-09,2049.8,1953.15,2068.85,1905.35,1941.4,12627794,24878712558.4,629218
2023-03-08,2040.0,2039.65,2088.0,1941.0,2039.0,13568243,27534592803.85,625491
2023-03-06,1966.7,1982.9,2135.0,1855.0,1982.0,27180456,54932839562.45,1230939
2023-03-03,1688.85,1879.5,1905.95,1685.5,1874.0,22888891,41352917851.6,822488
2023-03-02,1499.9,1607.25,1646.0,1407.9,1588.0,26970925,42196200068.15,924791
2023-03-01,1424.0,1564.3,1580.0,1411.0,1579.0,20114340,30400282052.45,758963
2023-02-28,1145.0,1363.85,1398.0,1103.75,1371.35,33948366,44371629472.6,1047492
2023-02-27,1300.0,1193.5,1313.8,1131.05,1187.55,10271008,12554940831.15,487401
2023-02-24,1410.0,1315.65,1427.0,1261.6,1312.0,8736727,11542501086.15,422968
2023-02-23,1380.0,1382.65,1438.0,1350.0,1388.85,8907540,12417096828.45,427592
2023-02-22,1535.0,1404.85,1560.0,1381.2,1397.5,10606476,15266186108.8,509088
2023-02-21,1626.0,1571.1,1644.45,1561.3,1563.9,5571915,8907400136.15,281877
2023-02-20,1650.0,1621.45,1685.0,1560.5,1613.0,6762330,10981416978.4,334008
2023-02-17,1800.0,1722.7,1815.85,1703.2,1719.0,5392513,9425015185.7,282372
2023-02-16,1820.0,1796.6,1874.95,1790.0,1796.85,5578515,10145002776.5,298112
2023-02-15,1780.0,1779.1,1824.4,1750.0,1772.0,7636578,13655586649.5,385669
2023-02-14,1735.0,1749.7,1889.0,1611.35,1750.0,14579030,25317265469.45,687240
2023-02-13,1850.0,1717.65,1921.7,1662.25,1706.0,12210940,21405744070.1,617527
2023-02-10,1769.0,1846.95,1990.0,1733.15,1853.0,11334878,21438181678.75,539738
2023-02-09,2168.0,1925.7,2168.0,1731.4,1922.0,18279862,36061116390.95,829391
2023-02-08,1869.85,2164.25,2222.15,1840.85,2220.0,19173006,38791512825.6,861666
2023-02-07,1571.0,1802.95,1962.7,1525.6,1813.0,19188072,33856529198.55,809538
2023-02-06,1575.0,1572.7,1615.0,1435.2,1554.3,19308603,29732853741.55,911312
2023-02-03,1490.0,1586.8,1679.9,1017.45,1531.0,43885579,59461532709.05,1704970
2023-02-02,2348.85,1565.25,2348.85,1494.75,1565.3,34474080,63007692681.8,1563346
2023-02-01,2995.0,2135.35,3010.75,1941.2,2179.75,13525314,34357172149.05,566482
2023-01-31,2980.0,2973.9,3073.6,2906.0,2948.0,11568020,34528064984.4,497618
2023-01-30,2850.0,2892.85,3037.55,2665.0,2869.85,20947906,60024945536.25,907742
2023-01-27,3335.0,2761.45,3346.5,2712.0,2768.5,14764368,44445979636.2,562994
2023-01-25,3422.0,3388.95,3428.0,3315.0,3405.0,3686439,12433194761.25,114072
2023-01-24,3447.45,3442.0,3508.0,3430.0,3441.0,1518123,5250832989.65,62403
2023-01-23,3443.05,3436.35,3460.0,3412.55,3439.5,974857,3348800915.95,45252
2023-01-20,3450.0,3456.15,3477.35,3440.95,3451.0,1510258,5219931466.9,55259
2023-01-19,3470.0,3463.55,3537.7,3426.7,3458.0,3696319,12819988176.7,153420
2023-01-18,3648.0,3596.7,3648.0,3527.1,3584.9,3652240,13112432423.5,123459
2023-01-17,3620.0,3639.35,3649.6,3560.2,3640.0,1668381,6031849312.75,75220
2023-01-16,3720.0,3619.8,3739.95,3600.0,3621.0,1863848,6780032266.0,81657
2023-01-13,3651.2,3721.15,3736.05,3642.2,3720.0,1364712,5040492790.5,71398
2023-01-12,3642.5,3647.2,3679.0,3612.0,3641.75,1199785,4372019613.45,61175
2023-01-11,3660.0,3635.8,3664.5,3560.1,3635.0,2226506,8052797086.85,104118
2023-01-10,3859.0,3646.9,3862.05,3555.0,3636.85,3595798,13204175227.25,161278
2023-01-09,3843.0,3855.3,3880.0,3811.25,3853.0,753981,2903281089.0,42423
2023-01-06,3829.0,3824.25,3868.25,3797.05,3824.0,912159,3497485465.55,44367
2023-01-05,3827.05,3829.8,3842.4,3756.9,3839.0,997006,3802009161.6,49242
2023-01-04,3839.0,3827.05,3874.95,3803.6,3822.0,1028377,3942649146.95,47586
2023-01-03,3841.9,3830.95,3852.85,3791.0,3828.1,799905,3064403987.15,38042
2023-01-02,3870.0,3841.2,3874.0,3822.55,3843.0,923051,3551733873.75,42124
2022-12-30,3829.7,3858.35,3898.0,3822.05,3850.0,1528747,5898558262.2,59598
2022-12-29,3790.0,3810.6,3825.0,3748.1,3815.35,1531692,5806124866.15,67660
2022-12-28,3756.05,3797.7,3825.0,3745.0,3797.95,1377950,5215278229.5,58991
2022-12-27,3732.45,3769.65,3797.9,3695.05,3767.15,1804911,6751642941.35,72966
2022-12-26,3653.0,3716.75,3744.9,3620.0,3709.0,2162662,8025704748.75,99922
2022-12-23,3822.0,3642.2,3848.0,3616.8,3650.05,3036157,11326065203.65,140276
2022-12-22,3948.0,3868.55,3948.0,3817.05,3856.0,2879658,11164819496.85,134348
2022-12-21,4175.0,3901.95,4190.0,3883.25,3909.0,3585883,14361940522.35,167340
2022-12-20,4095.0,4165.3,4172.0,4066.4,4165.0,3778426,15586756140.3,131294
2022-12-19,3988.0,4075.3,4104.0,3971.45,4101.0,1643404,6623967217.3,53127
2022-12-16,4018.9,3980.8,4047.9,3944.05,3983.0,1598960,6383785498.65,55399
2022-12-15,4055.8,4043.75,4073.05,4025.0,4025.25,866138,3509530717.8,37452
2022-12-14,4076.0,4055.8,4092.05,4040.0,4049.0,1114492,4533211917.7,42940
2022-12-13,4027.8,4060.2,4072.0,4011.6,4060.0,1215308,4919535387.65,47587
2022-12-12,3997.0,4016.7,4031.9,3968.75,4010.15,802499,3216945985.15,38510
2022-12-09,4044.0,3996.8,4094.0,3941.5,3995.6,2129800,8562377224.6,79946
2022-12-08,4010.0,4025.0,4045.0,4003.35,4023.35,895075,3604675253.3,43843
2022-12-07,4031.0,3999.3,4057.9,3984.55,3998.0,1257261,5050318788.85,63713
2022-12-06,3920.0,4031.8,4057.0,3909.0,4026.0,2962621,11889317095.9,121859
2022-12-05,3928.9,3930.4,3939.0,3810.05,3930.2,2392866,9271672967.5,88778
2022-12-02,3905.0,3922.5,3963.8,3885.0,3915.0,1297832,5091101029.1,53440
2022-12-01,3937.5,3915.1,3944.95,3902.45,3907.4,945838,3709090833.5,35157
2022-11-30,3897.8,3917.9,3939.9,3867.0,3924.7,1968428,7684764468.7,62047
2022-11-29,3885.0,3878.4,3915.0,3864.05,3870.0,1513444,5885765382.25,46398
2022-11-28,3899.4,3886.15,3925.0,3871.4,3884.45,1119166,4365587663.05,42474
2022-11-25,3929.0,3901.1,3949.9,3845.3,3900.05,2506346,9762203482.25,91106
2022-11-24,3910.0,3921.1,3935.0,3821.0,3930.0,2797181,10861610719.95,111478
2022-11-23,4050.0,3903.3,4061.85,3873.0,3897.0,2861156,11308339333.55,119633
2022-11-22,4001.85,4034.0,4056.0,3988.0,4034.9,1705043,6874117536.9,61621
2022-11-21,4019.95,4001.85,4019.95,3921.95,3999.5,1492003,5936490081.0,63301
2022-11-18,4028.35,4019.8,4043.0,3984.0,4020.0,1440776,5782483471.35,61375
2022-11-17,3970.0,4018.15,4033.0,3900.0,4017.0,2266112,9011290877.1,100741
2022-11-16,4057.3,3956.6,4096.0,3863.55,3975.0,3059841,12177831127.65,120771
2022-11-15,4025.05,4057.8,4065.0,4022.0,4064.95,1065546,4307224038.45,49890
2022-11-14,3999.0,4022.55,4078.0,3990.0,4024.1,1803092,7276060178.75,76145
2022-11-11,4040.0,4008.85,4048.95,3975.15,4006.0,1476875,5927750652.85,69136
2022-11-10,3995.0,3992.25,4030.0,3962.15,3999.0,2313795,9249247525.85,94415
2022-11-09,3977.0,3997.2,4048.0,3943.05,3982.6,3732472,14957843234.85,148664
2022-11-07,3852.45,3960.6,4013.7,3820.0,3953.35,5985652,23606481228.0,261119
2022-11-04,3642.0,3833.25,3849.8,3566.75,3825.9,6112097,22812363213.1,251172
2022-11-03,3550.0,3590.4,3614.7,3542.45,3590.0,1275216,4575532259.55,56803
2022-11-02,3580.0,3580.7,3625.15,3526.0,3570.5,2534755,9061882642.5,103751
2022-11-01,3361.9,3575.7,3607.45,3352.0,3579.8,4393335,15460783482.3,162903
2022-10-31,3339.95,3347.45,3360.0,3326.1,3350.0,575722,1924932417.4,30283
2022-10-28,3322.0,3323.3,3387.95,3297.65,3325.0,1323334,4417187164.2,48185
2022-10-27,3319.85,3325.0,3355.0,3297.0,3320.0,1106870,3677801050.2,37985
2022-10-25,3321.95,3300.5,3345.0,3294.0,3295.05,879424,2913608009.95,35025
2022-10-24,3325.0,3309.8,3340.1,3287.4,3320.0,248249,823564724.35,9916
2022-10-21,3374.9,3311.9,3382.0,3287.0,3309.75,1120790,3738369840.15,41865
2022-10-20,3260.0,3357.1,3365.0,3245.0,3361.05,2211287,7316811040.15,66573
2022-10-19,3300.0,3277.25,3310.0,3259.65,3277.0,1396513,4594301611.9,45073
2022-10-18,3249.0,3284.3,3298.0,3226.1,3289.0,1635079,5344752856.6,51032
2022-10-17,3211.0,3212.6,3235.0,3136.1,3225.0,1985298,6350425876.5,65568
2022-10-14,3272.0,3209.5,3305.0,3194.85,3201.0,1344415,4359688647.25,50469
2022-10-13,3218.0,3233.65,3262.8,3189.0,3228.0,1840193,5937308018.25,67694
2022-10-12,3297.0,3223.65,3297.0,3145.0,3228.0,2972601,9535297729.45,123910
2022-10-11,3257.55,3273.95,3338.0,3249.0,3274.0,2544394,8395552194.5,98321
2022-10-10,3234.0,3246.25,3278.75,3214.35,3253.0,1590792,5170607524.1,64438
2022-10-07,3280.0,3277.6,3310.95,3228.15,3279.0,1930275,6311383917.9,65403
2022-10-06,3270.0,3285.0,3318.8,3208.05,3287.0,2845165,9303269962.7,106184
2022-10-04,3230.0,3237.7,3291.2,3125.0,3229.0,5642467,18224362149.0,206194
2022-10-03,3440.0,3157.3,3460.05,3110.2,3164.75,7578847,24552075642.15,242309
2022-09-30,3447.95,3455.75,3523.8,3371.1,3440.0,4307707,14894516056.65,143905
2022-09-29,3583.5,3470.7,3664.75,3443.6,3456.0,15060223,52639273202.7,154930
2022-09-28,3528.0,3548.75,3596.95,3503.0,3540.0,2259832,8034173599.8,76568
2022-09-27,3596.0,3559.1,3629.55,3485.85,3566.0,3546332,12611349785.05,121229
2022-09-26,3646.3,3586.2,3658.0,3532.0,3561.95,3123908,11242145957.85,122902
2022-09-23,3732.0,3674.3,3737.9,3655.0,3663.0,3001474,11096130275.6,104208
2022-09-22,3639.0,3716.3,3735.95,3608.05,3725.0,3490772,12874501724.5,134542
2022-09-21,3837.65,3640.1,3862.8,3571.25,3640.0,6089846,22449331472.25,227558
2022-09-20,3819.0,3834.55,3885.0,3812.0,3819.0,3338704,12840324171.3,116980
2022-09-19,3718.95,3778.65,3801.95,3680.75,3780.5,3092486,11635650085.65,120209
2022-09-16,3755.0,3702.2,3866.95,3614.6,3705.0,5687429,21276990931.55,210607
2022-09-15,3590.0,3748.7,3767.95,3575.0,3750.6,4716688,17347788162.15,155826
2022-09-14,3518.0,3572.1,3608.0,3511.0,3573.0,2740337,9801841663.35,94965
2022-09-13,3478.0,3555.8,3568.9,3421.3,3560.1,3479669,12191958176.45,122343
2022-09-12,3465.0,3463.8,3495.5,3457.9,3465.0,1647756,5720891708.6,43847
2022-09-09,3479.0,3451.2,3507.95,3415.15,3450.0,1614634,5598014814.0,66777
2022-09-08,3499.0,3462.8,3501.5,3450.0,3462.5,1560414,5414671913.95,52110
2022-09-07,3435.8,3473.75,3487.95,3406.1,3474.5,2188110,7566793592.8,86977
2022-09-06,3370.0,3435.8,3447.6,3355.0,3436.0,2580772,8805133603.5,108547
2022-09-05,3374.1,3346.55,3431.8,3313.0,3350.0,3686950,12436190880.55,146740
2022-09-02,3261.0,3355.8,3369.4,3225.0,3352.0,4835905,16021396031.4,183660
2022-09-01,3200.0,3233.25,3245.0,3184.4,3237.0,1880363,6047942599.8,69275
2022-08-30,3165.0,3194.35,3263.1,3161.0,3192.6,4392183,14103846958.9,119357
2022-08-29,3055.0,3142.6,3166.45,3037.85,3145.0,1924984,6013728390.8,78701
2022-08-26,3080.0,3139.55,3172.95,3078.0,3148.5,2897602,9086254287.85,100125
2022-08-25,3167.0,3066.35,3177.8,3055.7,3060.1,3119494,9693405537.5,113931
2022-08-24,3038.0,3134.65,3153.0,2986.0,3151.4,3475387,10630611855.05,132308
2022-08-23,3032.65,3030.65,3074.0,2927.4,3038.7,4169136,12555158038.7,157211
2022-08-22,3134.0,3051.6,3191.8,3029.2,3056.65,3473580,10832426018.05,139398
2022-08-19,3178.0,3130.2,3258.9,3075.25,3127.0,6109949,19391951234.55,229717
2022-08-18,3005.0,3153.65,3186.0,3004.0,3157.75,3502295,10904277145.15,122950
2022-08-17,2986.0,3008.65,3028.55,2980.0,3005.0,1510171,4541107649.45,57147
2022-08-16,2879.0,2975.85,2986.0,2871.0,2979.0,1969492,5796142915.4,71617
2022-08-12,2840.0,2864.55,2871.15,2834.05,2868.0,843025,2409806514.2,33127
2022-08-11,2841.0,2834.05,2848.4,2815.1,2837.4,978616,2774170058.5,32142
2022-08-10,2801.75,2827.2,2834.9,2781.55,2826.0,1304663,3668859593.1,44657
2022-08-08,2700.0,2791.9,2807.65,2695.65,2791.0,1581696,4359247692.35,53583
2022-08-05,2760.0,2698.4,2767.65,2685.0,2686.05,1639981,4449493510.25,75799
2022-08-04,2725.0,2723.6,2743.9,2684.25,2721.0,1223799,3329664551.7,48196
2022-08-03,2685.0,2711.4,2717.0,2671.2,2714.45,815831,2198246880.85,32287
2022-08-02,2660.0,2683.65,2697.0,2640.0,2675.0,1096480,2934857054.6,40748
2022-08-01,2575.85,2660.15,2669.4,2569.2,2655.0,1267039,3328154727.05,40581
2022-07-29,2565.0,2569.2,2622.0,2560.0,2565.9,1107195,2862735936.15,37483
2022-07-28,2559.9,2550.4,2565.65,2531.6,2553.0,759442,1937453695.55,23183
2022-07-27,2560.0,2548.7,2572.5,2528.0,2546.4,953588,2434577477.0,30742
2022-07-26,2555.0,2559.7,2568.6,2533.0,2551.0,865142,2207601853.25,33126
2022-07-25,2505.0,2550.6,2562.15,2500.0,2549.9,1220351,3096654644.2,44274
2022-07-22,2505.5,2499.4,2514.05,2483.1,2498.9,833522,2084538222.5,31012
2022-07-21,2453.8,2495.5,2498.95,2451.25,2495.0,1314165,3266556411.55,40031
2022-07-20,2462.0,2451.1,2472.8,2444.0,2446.0,693601,1703930835.15,26569
2022-07-19,2406.95,2451.3,2459.3,2405.0,2445.0,843301,2054853630.75,34038
2022-07-18,2424.0,2423.6,2441.85,2406.05,2426.6,937204,2271880279.35,33675
2022-07-15,2414.5,2405.25,2422.95,2377.0,2401.0,1169788,2808640351.0,40288
2022-07-14,2365.0,2383.1,2404.0,2336.5,2394.0,933554,2209679065.35,34681
2022-07-13,2373.5,2353.5,2384.65,2333.7,2353.1,982185,2315099896.65,37511
2022-07-12,2364.4,2365.65,2389.8,2350.15,2359.5,1273008,3021186811.65,47448
2022-07-11,2293.05,2373.25,2384.6,2291.05,2364.5,1967308,4614560223.55,65448
2022-07-08,2286.0,2293.05,2303.6,2263.9,2297.0,898576,2053314172.35,23635
2022-07-07,2280.0,2274.3,2294.95,2256.0,2274.85,946131,2151249937.0,28623
2022-07-06,2245.0,2272.85,2277.0,2236.5,2269.0,1045463,2365127362.85,25604
2022-07-05,2264.0,2246.45,2290.7,2238.0,2243.65,1356776,3073660435.95,39354
2022-07-04,2232.2,2261.85,2277.0,2228.35,2260.9,1581159,3569117233.1,45778
2022-07-01,2189.9,2232.2,2242.0,2138.25,2229.25,2141743,4695581540.6,47117
2022-06-30,2220.0,2190.9,2248.5,2180.5,2190.0,1568415,3472539125.6,46645
2022-06-29,2185.0,2220.1,2247.8,2177.2,2211.0,1692493,3748016616.5,52274
2022-06-28,2170.0,2204.6,2210.25,2160.0,2207.0,1282047,2802744750.95,37963
2022-06-27,2189.0,2181.6,2211.0,2169.35,2182.0,1202504,2631570083.3,37716
2022-06-24,2121.0,2161.45,2168.0,2108.6,2154.95,1156536,2474171038.2,33693
2022-06-23,2105.0,2110.35,2128.0,2080.0,2114.2,1026783,2162360064.4,36051
2022-06-22,2149.95,2089.2,2149.95,2077.1,2086.0,1774137,3728636003.95,64117
2022-06-21,2100.0,2161.8,2177.0,2091.65,2159.85,1331500,2843992227.75,44749
2022-06-20,2107.3,2079.85,2123.3,2025.0,2083.9,2603594,5361032432.6,69448
2022-06-17,2062.0,2095.8,2137.4,2060.15,2110.0,2280135,4791850335.35,68806
2022-06-16,2205.0,2083.0,2217.3,2076.05,2084.95,2131789,4552548349.55,61940
2022-06-15,2218.4,2184.6,2219.7,2174.2,2176.5,1313510,2880874633.15,46859
2022-06-14,2274.0,2196.45,2274.0,2053.1,2197.6,6515102,14084560292.5,184436
2022-06-13,2172.5,2079.75,2172.5,2066.75,2082.1,1764172,3738801994.35,55355
2022-06-10,2190.0,2203.1,2215.0,2171.0,2198.75,1305761,2862967553.25,38908
2022-06-09,2160.3,2219.2,2224.0,2155.0,2218.0,1440385,3153776345.0,33651
2022-06-08,2244.95,2177.2,2244.95,2158.55,2178.0,1530739,3370907212.1,49879
2022-06-07,2210.0,2227.55,2254.7,2207.05,2219.4,2046676,4561866190.65,57351
2022-06-06,2188.5,2225.05,2230.0,2168.2,2228.0,1664487,3674847417.1,44623
2022-06-03,2235.0,2190.0,2242.25,2176.05,2194.2,1651685,3651155580.65,37453
2022-06-02,2155.0,2209.4,2218.0,2142.3,2215.2,1855167,4052146726.6,48420
2022-06-01,2169.95,2150.9,2189.3,2126.0,2155.0,1448212,3130869748.7,41408
2022-05-31,2160.0,2167.55,2225.8,2150.4,2160.0,2861556,6269225326.25,65981
2022-05-30,2120.0,2165.65,2175.0,2102.0,2169.0,1384584,2984472296.1,42616
2022-05-27,2080.0,2080.15,2094.3,2047.7,2085.0,1354005,2804716523.9,33847
2022-05-26,2077.0,2046.4,2088.0,1906.2,2052.0,4967514,9900477944.2,119283
2022-05-25,2168.0,2074.15,2181.45,2066.2,2071.0,1382448,2923782591.45,34793
2022-05-24,2161.0,2160.2,2178.9,2142.55,2165.0,1008943,2182994462.8,26813
2022-05-23,2231.75,2170.65,2245.0,2155.65,2159.7,1455450,3198263803.9,46776
2022-05-20,2159.0,2219.55,2232.4,2151.0,2227.0,1444803,3174591293.7,40458
2022-05-19,2145.0,2114.75,2154.75,2097.6,2121.9,986930,2096601623.4,32998
2022-05-18,2199.7,2181.1,2216.9,2172.0,2185.0,1296983,2843360980.1,45269
2022-05-17,2133.05,2184.85,2192.25,2119.4,2183.05,1061085,2283153146.95,37030
2022-05-16,2082.65,2105.9,2141.95,2057.65,2112.5,1742552,3673364890.1,61264
2022-05-13,2084.5,2054.15,2135.0,2035.3,2055.0,1547617,3238885835.6,57091
2022-05-12,2103.0,2045.2,2113.6,2011.05,2053.0,1553685,3193595941.8,48422
2022-05-11,2109.6,2119.3,2157.75,2077.0,2124.5,1397917,2959436086.55,47473
2022-05-10,2190.0,2109.5,2220.0,2097.5,2097.75,1471866,3168563128.85,46580
2022-05-09,2229.5,2197.65,2244.2,2180.0,2187.5,1450886,3205990125.15,42562
2022-05-06,2210.0,2247.7,2262.0,2200.0,2247.5,1161579,2591414766.1,39427
2022-05-05,2270.0,2255.4,2303.8,2236.0,2247.9,1636796,3714891240.2,45604
2022-05-04,2358.7,2253.8,2362.9,2233.05,2248.0,1744686,3992218592.65,64692
2022-05-02,2325.0,2339.5,2362.3,2311.0,2335.7,1006544,2351912270.35,35283
2022-04-29,2389.0,2332.0,2394.15,2301.5,2337.0,1916180,4492475631.65,59115
2022-04-28,2359.85,2378.55,2389.9,2336.3,2380.0,1679893,3977394643.9,54350
2022-04-27,2404.95,2334.1,2420.95,2325.0,2338.0,2559876,6062305737.45,79776
2022-04-26,2297.0,2395.3,2413.9,2295.1,2394.0,3199358,7579861222.7,102957
2022-04-25,2259.95,2284.2,2295.0,2242.6,2286.0,1683622,3823282490.0,46767
2022-04-22,2297.0,2273.3,2306.0,2265.0,2271.15,1786042,4085231753.0,54304
2022-04-21,2216.0,2286.35,2293.55,2203.9,2289.9,2243636,5069859315.25,67163
2022-04-20,2178.0,2183.95,2207.95,2161.9,2194.0,1119025,2446888140.85,36160
2022-04-19,2245.0,2168.3,2255.0,2140.1,2145.0,1639219,3633248074.5,50660
2022-04-18,2179.8,2233.85,2240.0,2156.75,2233.8,1747434,3850262896.9,60523
2022-04-13,2210.0,2199.45,2217.15,2173.45,2196.0,992512,2182023564.45,32919
2022-04-12,2188.0,2196.95,2219.0,2155.0,2198.5,2632324,5770098811.6,81123
2022-04-11,2181.85,2180.2,2200.0,2158.5,2180.0,1615715,3520693051.45,53060
2022-04-08,2115.0,2170.95,2176.0,2105.25,2172.0,1924054,4127426182.3,58553
2022-04-07,2165.95,2099.05,2214.95,2081.25,2102.0,3499044,7517483776.75,104450
2022-04-06,2153.75,2160.0,2182.85,2124.2,2154.95,2259018,4880749859.65,66425
2022-04-05,2078.0,2139.85,2189.8,2067.6,2131.0,4970260,10615007504.4,141587
2022-04-04,2050.0,2065.85,2075.5,2032.0,2064.5,1334265,2748449458.35,38268
2022-04-01,2018.0,2043.65,2049.0,2013.05,2038.0,1267111,2576094904.75,35975
2022-03-31,2005.0,2014.75,2042.0,1991.0,2017.0,2786973,5610098915.65,65607
2022-03-30,1927.7,1995.25,2015.0,1917.3,1990.0,3215951,6349490664.4,92339
2022-03-29,1919.25,1917.25,1930.9,1885.5,1912.6,1715098,3282169537.95,47960
2022-03-28,1876.9,1909.7,1924.4,1851.05,1910.0,1895438,3581720050.0,54516
2022-03-25,1835.55,1867.0,1878.0,1822.0,1865.35,1366115,2531730175.8,31398
2022-03-24,1815.0,1832.8,1839.55,1800.15,1828.0,1030145,1879097682.45,24187
2022-03-23,1848.05,1811.0,1848.05,1800.85,1806.1,1553366,2833016751.1,29291
2022-03-22,1802.95,1831.55,1837.0,1790.0,1832.0,964066,1750153509.3,28508
2022-03-21,1836.05,1802.95,1841.9,1796.15,1805.0,1081052,1959506221.15,28646
2022-03-17,1775.6,1819.65,1823.6,1760.0,1820.0,2392329,4301514950.9,50563
2022-03-16,1724.0,1758.0,1764.0,1718.65,1755.65,1269866,2223257007.25,38410
2022-03-15,1740.0,1701.4,1754.2,1686.65,1698.35,1085901,1870960182.15,36494
2022-03-14,1732.0,1736.1,1752.45,1722.45,1734.0,659190,1143765420.45,24530
2022-03-11,1750.0,1734.1,1757.0,1721.2,1731.0,1354129,2352845367.05,37195
2022-03-10,1682.0,1742.85,1749.6,1678.25,1733.0,2294474,3954159740.9,57105
2022-03-09,1609.6,1656.55,1669.95,1608.0,1660.0,1498176,2458980080.35,38209
2022-03-08,1574.9,1601.6,1607.4,1553.4,1602.0,1396347,2213943690.4,38500
2022-03-07,1590.0,1564.05,1592.0,1539.3,1568.9,1508821,2360733231.25,41888
2022-03-04,1621.8,1615.0,1655.5,1601.2,1611.0,1433490,2330046098.15,35706
2022-03-03,1670.0,1643.8,1678.2,1634.95,1643.8,1333325,2210994891.7,35854
2022-03-02,1638.0,1641.8,1664.25,1615.5,1647.0,1249817,2059762414.4,30797
2022-02-28,1603.75,1644.45,1651.1,1592.25,1639.0,1869037,3040882097.0,40203
2022-02-25,1594.0,1618.7,1638.1,1578.8,1620.0,1741584,2819489316.6,44055
2022-02-24,1626.0,1543.95,1648.6,1528.8,1555.0,2798065,4468832162.1,88960
2022-02-23,1682.0,1688.7,1717.5,1670.0,1692.0,1285012,2182351680.5,34509
2022-02-22,1636.1,1667.7,1678.9,1630.0,1666.0,1717579,2845162822.7,46698
2022-02-21,1738.8,1685.2,1738.8,1671.3,1679.0,1449291,2464773645.35,37180
2022-02-18,1739.0,1736.3,1754.6,1725.0,1735.35,945100,1648622667.2,23552
2022-02-17,1750.0,1730.95,1762.0,1724.0,1731.0,1075487,1881867072.05,27297
2022-02-16,1744.25,1738.1,1776.0,1730.0,1734.0,1663614,2921737009.0,38159
2022-02-15,1636.0,1744.25,1751.4,1627.85,1739.9,2261554,3824161198.45,63405
2022-02-14,1736.3,1663.95,1737.9,1653.0,1660.0,1919476,3260114039.2,52289
2022-02-11,1764.0,1764.3,1774.9,1743.35,1758.95,1196002,2105767863.35,34655
2022-02-10,1799.0,1786.1,1809.0,1766.0,1781.0,1747943,3126920870.75,44387
2022-02-09,1724.6,1783.15,1791.9,1718.1,1784.0,1674022,2957692071.65,44563
2022-02-08,1739.4,1716.0,1747.0,1677.05,1712.0,1480201,2540660056.25,38936
2022-02-07,1765.0,1731.8,1765.5,1722.1,1730.0,854871,1491262604.75,27482
2022-02-04,1758.0,1757.3,1770.0,1733.7,1754.4,855996,1502669464.35,22314
2022-02-03,1771.95,1751.85,1787.0,1746.4,1748.5,588866,1041016409.55,19672
2022-02-02,1755.0,1779.35,1786.0,1747.0,1777.95,1405276,2485787504.6,31246
2022-02-01,1727.95,1746.9,1765.1,1699.15,1746.0,1574361,2731556560.45,36800
2022-01-31,1708.95,1714.95,1734.0,1705.0,1713.0,1024738,1763530476.5,27848
2022-01-28,1702.5,1693.7,1744.1,1683.95,1694.0,1624750,2786472880.9,48448
2022-01-27,1718.0,1686.0,1725.55,1654.5,1677.0,3549583,6021126275.2,63855
2022-01-25,1668.0,1741.4,1750.55,1668.0,1725.0,1817963,3151022642.2,44654
2022-01-24,1822.0,1715.8,1827.45,1696.55,1702.0,2381112,4163669086.45,60825
2022-01-21,1860.85,1828.35,1873.0,1810.75,1824.95,1929667,3550894319.4,50974
2022-01-20,1855.0,1865.85,1880.35,1843.7,1863.0,1252017,2332400633.75,35179
2022-01-19,1839.8,1849.3,1857.0,1811.25,1847.95,1544606,2836089872.5,41220
2022-01-18,1885.0,1840.95,1908.5,1830.05,1836.0,2294146,4315593294.45,68183
2022-01-17,1876.0,1877.8,1901.4,1855.65,1875.0,1700525,3198741288.25,48854
2022-01-14,1850.0,1870.25,1890.45,1831.1,1868.95,2357616,4402539546.4,58570
2022-01-13,1834.0,1853.35,1863.0,1808.0,1845.0,1881069,3463275284.3,52663
2022-01-12,1873.0,1830.1,1873.0,1808.3,1826.9,2518912,4626834808.6,78815
2022-01-11,1758.0,1843.9,1850.0,1737.0,1850.0,5126019,9222254746.3,132637
2022-01-10,1707.55,1752.6,1766.0,1699.1,1762.5,1670551,2894891390.5,34104
2022-01-07,1719.9,1699.1,1730.8,1689.5,1694.9,1295933,2219076794.1,29195
2022-01-06,1710.0,1713.1,1723.85,1675.6,1711.0,1615375,2741046013.05,33277
2022-01-05,1722.0,1715.45,1744.65,1702.55,1714.0,1583598,2726699448.3,35561
2022-01-04,1725.75,1719.0,1728.0,1700.0,1718.0,1191189,2044228395.4,20693
2022-01-03,1713.0,1717.15,1733.0,1711.2,1715.0,1094708,1885363642.3,20578
2021-12-31,1694.95,1709.45,1725.0,1691.05,1707.0,1310960,2242706701.65,22805
2021-12-30,1714.0,1696.4,1725.0,1685.0,1690.0,1359574,2321359532.4,27031
2021-12-29,1751.0,1718.05,1755.0,1709.4,1712.7,1100579,1910554512.65,22071
2021-12-28,1740.0,1751.0,1760.0,1728.1,1744.8,1552918,2708775320.0,35936
2021-12-27,1694.75,1730.2,1738.0,1686.05,1737.0,1672655,2877073767.25,38508
2021-12-24,1680.0,1698.2,1703.95,1658.2,1694.45,1234386,2081101146.7,30797
2021-12-23,1674.7,1676.2,1684.2,1658.2,1665.0,979023,1637539922.4,26128
2021-12-22,1631.25,1658.1,1663.45,1627.0,1654.0,993006,1634374693.0,29417
2021-12-21,1621.1,1620.5,1645.9,1602.9,1623.0,1563851,2539306668.65,53010
2021-12-20,1629.0,1589.95,1629.0,1555.2,1586.0,1945211,3086796370.8,64226
2021-12-17,1698.95,1645.3,1702.0,1640.0,1642.0,1215873,2016560021.3,40166
2021-12-16,1707.3,1702.05,1719.85,1687.0,1704.0,751885,1279486441.55,26543
2021-12-15,1720.0,1695.3,1727.0,1687.05,1691.85,866378,1478861403.9,29401
2021-12-14,1712.0,1720.1,1727.9,1683.0,1718.0,1198653,2046658858.3,38080
2021-12-13,1755.0,1719.55,1762.2,1711.1,1722.8,1104594,1919444911.1,39564
2021-12-10,1710.6,1740.4,1788.0,1710.6,1739.95,2708578,4755518351.9,86122
2021-12-09,1725.0,1722.25,1739.25,1706.6,1720.0,1306393,2252388223.95,41660
2021-12-08,1679.8,1715.5,1726.4,1679.05,1717.75,1406394,2406012217.75,41266
2021-12-07,1658.9,1678.45,1686.7,1654.0,1680.0,1476012,2468668892.7,48000
2021-12-06,1710.0,1645.6,1727.95,1640.0,1646.0,1574680,2645613021.45,47093
2021-12-03,1734.0,1708.1,1745.0,1701.1,1705.25,1544077,2652174279.75,44109
2021-12-02,1692.5,1732.25,1735.0,1687.65,1733.0,2159661,3698286843.05,53449
2021-12-01,1694.0,1693.3,1705.0,1652.35,1696.0,2476360,4165677848.85,71689
2021-11-30,1668.0,1662.85,1718.65,1648.15,1651.2,2952368,4965183745.3,71140
2021-11-29,1655.0,1665.05,1697.0,1609.85,1666.05,2119826,3527055421.9,60310
2021-11-26,1740.0,1669.55,1768.55,1660.85,1670.0,3510810,6011411838.2,84147
2021-11-25,1762.95,1763.05,1773.7,1735.55,1768.95,2341862,4114003833.45,74141
2021-11-24,1721.6,1755.15,1788.9,1712.45,1747.95,4562858,8036793963.2,130117
2021-11-23,1660.15,1707.95,1720.35,1650.0,1709.0,2472589,4204995906.8,62066
2021-11-22,1691.4,1675.75,1701.4,1610.05,1674.0,2552170,4268919694.9,58449
2021-11-18,1708.0,1688.75,1714.0,1640.0,1685.2,2255988,3824782321.1,44326
2021-11-17,1714.0,1706.45,1729.7,1682.5,1697.7,1476385,2524014428.75,45842
2021-11-16,1759.45,1711.6,1766.55,1706.9,1714.0,2172117,3771948726.85,59812
2021-11-15,1713.75,1749.55,1764.0,1691.8,1747.05,3997553,6897502074.05,89416
2021-11-12,1678.3,1705.2,1719.5,1670.1,1702.0,5349189,9089673320.15,106783
2021-11-11,1650.0,1664.9,1704.0,1640.85,1660.0,4470709,7488952948.95,100449
2021-11-10,1625.55,1655.85,1686.0,1620.4,1650.45,3728328,6180937665.6,91725
2021-11-09,1555.0,1635.45,1659.0,1554.95,1633.0,4713708,7634666162.7,110369
2021-11-08,1495.0,1568.25,1575.15,1485.65,1575.0,2565017,3954792907.75,55182
2021-11-04,1495.0,1489.45,1511.5,1483.0,1487.0,272261,406797636.05,7764
2021-11-03,1474.0,1485.9,1501.0,1464.45,1485.9,1710819,2535699015.0,34186
2021-11-02,1455.0,1472.8,1489.0,1452.8,1471.95,1667692,2458989144.85,34589
2021-11-01,1436.0,1445.3,1457.0,1411.2,1457.0,1543436,2218166265.3,40840
2021-10-29,1400.0,1423.6,1454.8,1377.75,1424.0,3165141,4499106800.6,90428
2021-10-28,1550.0,1398.55,1566.9,1367.7,1397.85,7093354,10280836395.5,162981
2021-10-27,1548.0,1566.55,1581.15,1540.0,1564.0,2121282,3320922099.85,32684
2021-10-26,1532.0,1543.85,1557.25,1520.9,1542.0,1661783,2571033693.9,31739
2021-10-25,1545.0,1532.2,1551.4,1494.05,1523.0,2276050,3477381198.0,43393
2021-10-22,1595.05,1543.0,1608.8,1537.0,1542.0,2580699,4078817772.45,52698
2021-10-21,1601.95,1595.05,1626.85,1581.7,1589.5,3129269,5014360359.5,57040
2021-10-20,1574.0,1589.7,1607.35,1539.1,1585.0,2768997,4374819176.45,68151
2021-10-19,1625.2,1569.45,1637.0,1562.05,1571.15,1822638,2916122746.05,53397
2021-10-18,1672.95,1615.5,1672.95,1608.55,1613.9,3791222,6179409969.35,84729
2021-10-14,1580.0,1646.35,1656.0,1574.8,1642.6,5256882,8541339220.9,117810
2021-10-13,1568.45,1569.7,1608.3,1551.3,1569.5,3923958,6197971111.05,78302
2021-10-12,1539.0,1554.45,1566.9,1514.5,1552.0,1900749,2931585838.75,40498
2021-10-11,1553.0,1539.75,1563.7,1532.15,1539.0,1910095,2957264887.8,33254
2021-10-08,1522.0,1547.9,1569.45,1511.45,1546.85,2646112,4080016228.75,50847
2021-10-07,1502.85,1520.75,1535.75,1490.0,1518.1,1919106,2917269000.8,42020
2021-10-06,1529.8,1479.55,1541.0,1472.0,1477.5,1777998,2671565598.85,41715
2021-10-05,1515.0,1527.65,1557.85,1512.35,1526.55,2544835,3916781107.8,56806
2021-10-04,1471.0,1526.65,1531.0,1460.1,1523.05,3209302,4818691360.05,60941
2021-10-01,1465.0,1458.7,1468.75,1422.65,1455.0,2311858,3349081527.1,52821
2021-09-30,1484.7,1468.1,1519.0,1463.35,1464.0,2072145,3086379375.85,47931
2021-09-29,1466.3,1485.65,1498.0,1464.3,1481.1,1764350,2614248457.6,48250
2021-09-28,1557.0,1487.3,1557.9,1475.0,1481.85,3547971,5354813980.65,81357
2021-09-27,1462.0,1531.25,1544.0,1462.0,1543.55,4737676,7141038799.7,91588
2021-09-24,1483.0,1461.7,1516.0,1455.0,1460.0,2760295,4093801911.85,67730
2021-09-23,1453.0,1474.35,1480.0,1441.1,1475.6,1622616,2379303308.75,39558
2021-09-22,1435.0,1437.75,1462.65,1424.35,1426.5,1663858,2404273066.55,35961
2021-09-21,1420.0,1441.45,1446.95,1381.35,1439.0,2682157,3825203579.05,54416
2021-09-20,1464.9,1418.85,1488.5,1409.95,1419.5,2273312,3295909049.85,49184
2021-09-17,1503.2,1480.25,1525.0,1465.75,1480.15,3329954,4971029288.1,61528
2021-09-16,1523.0,1503.2,1535.0,1499.75,1501.7,7616906,11461689739.35,47394
2021-09-15,1524.0,1516.8,1545.6,1496.9,1518.0,12834337,19388453683.45,74170
2021-09-14,1539.9,1513.2,1547.25,1497.05,1514.0,7143757,10821694944.35,60792
2021-09-13,1548.0,1532.45,1557.0,1525.25,1529.0,1759456,2701330343.75,31219
2021-09-09,1561.6,1545.0,1565.5,1535.05,1545.25,1243149,1925521822.4,29357
2021-09-08,1559.9,1555.95,1579.0,1538.25,1555.0,2084219,3249396059.2,42939
2021-09-07,1585.1,1558.1,1592.35,1553.0,1557.0,1651169,2589230182.65,35022
2021-09-06,1572.0,1582.0,1628.45,1566.05,1581.35,5562312,8915663724.2,115296
2021-09-03,1578.5,1565.55,1581.4,1551.55,1567.0,1687999,2641180980.1,36037
2021-09-02,1571.0,1570.55,1594.3,1565.5,1569.35,2171898,3426144745.1,38120
2021-09-01,1594.9,1565.2,1600.85,1561.5,1565.0,3056760,4823749562.6,54717
2021-08-31,1517.3,1587.6,1596.85,1512.8,1585.0,7234384,11343739610.95,134165
2021-08-30,1513.75,1516.55,1527.0,1493.3,1514.15,3149863,4757769984.8,46572
2021-08-27,1475.0,1506.05,1515.0,1474.1,1504.2,5164477,7733816207.85,88381
2021-08-26,1482.0,1475.7,1494.65,1460.4,1472.0,4678919,6914533421.75,79309
2021-08-25,1444.25,1475.35,1481.8,1425.0,1478.0,5361140,7827667335.0,98170
2021-08-24,1407.0,1437.8,1448.4,1390.0,1434.0,3362312,4772806244.55,51926
2021-08-23,1415.05,1396.7,1427.75,1361.55,1394.0,4866080,6824397123.75,95718
2021-08-20,1438.0,1430.1,1482.65,1411.0,1415.1,4933377,7157763144.85,71606
2021-08-18,1441.9,1460.0,1496.8,1432.6,1456.0,4738820,6934288398.0,88757
2021-08-17,1431.0,1441.65,1451.0,1416.2,1437.55,3062815,4405211991.25,58332
2021-08-16,1431.5,1430.1,1449.7,1413.55,1430.5,1909352,2731930079.95,40688
2021-08-13,1445.0,1437.0,1454.0,1428.0,1429.0,2095991,3026913119.5,34004
2021-08-12,1443.6,1442.9,1458.0,1430.25,1441.95,2455443,3547164790.85,41283
2021-08-11,1455.0,1437.05,1456.6,1407.0,1435.25,3197412,4572579564.7,59718
2021-08-10,1488.0,1446.5,1498.65,1426.05,1440.1,3581449,5243502773.55,72296
2021-08-09,1546.7,1493.4,1565.0,1482.5,1485.25,6031426,9165255523.95,121345
2021-08-06,1422.0,1536.65,1555.0,1422.0,1539.0,14250256,21578454907.5,244951
2021-08-05,1428.0,1432.35,1438.0,1407.4,1432.95,2104359,2999813985.35,37536
2021-08-04,1460.0,1429.55,1460.0,1423.05,1427.4,3341801,4810614860.85,60087
2021-08-03,1467.0,1442.8,1467.0,1422.2,1443.0,4442122,6405516076.75,85757
2021-08-02,1435.0,1438.2,1445.0,1424.1,1443.15,2483790,3562409959.25,46243
2021-07-30,1409.5,1420.25,1449.5,1400.25,1426.05,4403219,6289562831.35,68464
2021-07-29,1413.95,1400.25,1425.0,1397.0,1400.0,2538248,3585799238.55,38796
2021-07-28,1406.85,1399.9,1424.8,1378.6,1396.05,3188606,4473189818.8,67514
2021-07-27,1403.9,1396.75,1424.6,1378.15,1404.0,2978042,4169237082.8,54101
2021-07-26,1399.8,1403.9,1416.8,1392.0,1405.55,2054318,2887657613.15,46181
2021-07-23,1430.0,1401.65,1434.85,1386.2,1399.95,4694140,6608839557.55,98094
2021-07-22,1375.0,1416.75,1424.9,1340.5,1420.3,5009804,6931275794.25,100191
2021-07-20,1340.0,1365.7,1382.9,1336.1,1358.2,4529933,6169259940.15,92452
2021-07-19,1390.0,1380.6,1412.65,1332.75,1377.95,6190302,8498908859.05,120662
2021-07-16,1409.0,1395.5,1415.0,1388.25,1395.1,2134914,2987081623.4,40532
2021-07-15,1399.0,1407.95,1429.0,1393.4,1406.0,2728305,3840219963.45,56937
2021-07-14,1449.0,1402.05,1449.0,1397.8,1398.8,3859529,5467975084.25,73736
2021-07-13,1433.0,1417.7,1433.0,1385.2,1415.7,4157955,5855550142.65,80296
2021-07-12,1442.0,1420.7,1447.0,1414.15,1421.0,2557189,3656052052.9,48390
2021-07-09,1425.9,1431.35,1456.6,1416.45,1430.35,4502324,6457648117.45,86132
2021-07-08,1420.0,1425.9,1445.0,1411.8,1423.0,3898830,5563537383.2,76551
2021-07-07,1420.0,1425.65,1437.1,1385.0,1426.7,5549751,7825997704.75,111349
2021-07-06,1400.9,1414.8,1444.15,1378.75,1419.0,9485434,13453746638.9,192093
2021-07-05,1427.0,1394.35,1443.95,1350.6,1396.0,12239845,17028064524.5,260649
2021-07-02,1490.25,1422.05,1507.7,1411.55,1424.0,6653653,9690939460.55,134469
2021-07-01,1509.55,1490.25,1522.55,1482.9,1492.0,3759914,5639649784.65,75052
2021-06-30,1539.0,1507.55,1539.0,1502.7,1507.0,3256147,4958790008.1,62996
2021-06-29,1526.0,1523.55,1548.7,1513.0,1523.6,5551918,8497303529.65,97242
2021-06-28,1524.9,1525.75,1565.0,1518.2,1523.3,6178022,9514758094.35,140628
2021-06-25,1525.0,1519.45,1534.0,1501.0,1516.0,4962963,7534202901.05,94791
2021-06-24,1509.95,1508.5,1519.0,1488.05,1515.35,7261764,10921278765.3,160280
2021-06-23,1560.1,1504.75,1569.95,1481.3,1499.7,12679703,19187059087.85,265370
2021-06-22,1554.05,1541.6,1582.0,1531.8,1542.1,12069983,18866844732.7,269773
2021-06-21,1490.0,1540.0,1582.0,1444.85,1531.0,21101083,32365248197.1,543336
2021-06-18,1350.0,1487.5,1504.0,1332.55,1495.0,30526777,43421845928.35,775906
2021-06-17,1380.0,1367.7,1436.0,1303.5,1356.0,27926070,38385436658.55,621898
2021-06-16,1510.0,1448.3,1538.2,1409.3,1427.0,12626149,18866331555.4,290100
2021-06-15,1550.95,1538.85,1572.6,1477.2,1525.8,22320542,34055251940.05,579380
2021-06-14,1441.45,1501.45,1529.95,1201.2,1510.35,43530006,59751684972.35,1125572
2021-06-11,1615.1,1601.6,1620.1,1575.25,1601.0,5355387,8565256925.95,113482
2021-06-10,1612.0,1612.0,1630.0,1591.0,1609.8,5362307,8628379885.05,114278
2021-06-09,1640.0,1594.65,1649.45,1571.85,1590.45,11614666,18704933129.65,249405
2021-06-08,1633.0,1636.45,1668.0,1602.45,1633.0,12410257,20267043634.75,269336
2021-06-07,1715.0,1624.3,1717.2,1613.0,1625.0,15350263,25399188226.9,352456
2021-06-04,1605.0,1700.95,1713.55,1585.8,1706.0,21102075,34994810079.05,462330
2021-06-03,1564.0,1583.1,1623.8,1553.0,1592.4,19107244,30458894272.35,433658
2021-06-02,1425.55,1546.75,1557.0,1413.0,1551.3,24541949,36979348601.0,519240
2021-06-01,1319.9,1416.25,1430.0,1309.05,1422.95,10018645,13782501580.55,226280
2021-05-31,1307.05,1316.3,1321.5,1292.0,1316.45,2709718,3539614088.75,55331
2021-05-28,1311.6,1302.6,1330.45,1298.0,1302.0,2979585,3908173810.85,58720
2021-05-27,1329.5,1325.8,1342.0,1304.25,1312.5,36690935,48694243135.7,148251
2021-05-26,1288.95,1322.8,1326.85,1254.25,1321.95,5630730,7333623873.2,101921
2021-05-25,1314.35,1282.75,1322.0,1272.9,1287.95,3697062,4801882524.4,63487
2021-05-24,1321.7,1306.8,1328.65,1303.0,1305.0,7913411,10427872546.9,73375
2021-05-21,1320.0,1315.1,1336.0,1300.05,1312.95,8314215,10938019705.85,108506
2021-05-20,1301.3,1302.0,1320.0,1283.95,1303.0,5837747,7611629619.3,73646
2021-05-19,1350.0,1294.7,1351.55,1283.9,1291.6,9925284,13019799226.75,124978
2021-05-18,1314.95,1326.7,1344.95,1302.0,1344.45,6531595,8581664718.0,102239
2021-05-17,1230.0,1289.1,1299.0,1227.45,1291.0,7782732,9946125902.3,145729
2021-05-14,1300.0,1220.35,1302.0,1213.35,1225.2,6377643,7911763826.9,147308
2021-05-12,1311.0,1285.8,1328.5,1278.6,1286.35,4143731,5407904094.6,77294
2021-05-11,1292.0,1303.5,1326.0,1284.0,1300.0,4744734,6197089943.4,88249
2021-05-10,1294.9,1304.1,1314.0,1286.3,1305.0,3892338,5060579658.6,68609
2021-05-07,1305.0,1298.9,1322.4,1290.45,1294.9,4584524,5981701636.5,89547
2021-05-06,1272.35,1286.75,1311.85,1263.0,1290.45,6240535,8022334958.15,117092
2021-05-05,1274.4,1267.5,1288.25,1240.25,1263.5,7805805,9856323974.95,161556
2021-05-04,1285.0,1262.5,1298.95,1241.85,1267.0,10271516,13099066568.6,196235
2021-05-03,1145.1,1255.55,1264.4,1122.65,1255.6,11276228,13719455999.25,236879
2021-04-30,1171.0,1158.7,1200.95,1143.0,1146.0,4232500,4987526610.2,66953
2021-04-29,1196.55,1182.3,1212.65,1178.0,1185.75,4070698,4865388048.0,73596
2021-04-28,1207.95,1185.2,1213.95,1180.75,1185.0,5020151,6005960811.6,76062
2021-04-27,1184.7,1191.15,1213.5,1181.0,1191.8,7109421,8513622588.35,118607
2021-04-26,1160.0,1173.35,1197.9,1160.0,1170.8,6939823,8212922814.25,127378
2021-04-23,1161.0,1157.6,1182.9,1145.65,1150.55,6167151,7198841804.15,108883
2021-04-22,1134.0,1157.8,1169.0,1123.0,1156.15,7124786,8197248687.35,118109
2021-04-20,1156.85,1142.75,1177.7,1125.05,1137.0,8261172,9541523064.1,143251
2021-04-19,1100.0,1136.35,1153.0,1089.0,1134.0,8565063,9681415520.05,155220
2021-04-16,1130.0,1159.0,1192.0,1112.0,1156.4,10661068,12400729514.5,196992
2021-04-15,1095.0,1129.95,1144.9,1081.35,1124.0,9350889,10456249678.55,187596
2021-04-13,1077.0,1106.35,1116.3,1051.05,1102.0,12137329,13251645770.75,257690
2021-04-12,1177.4,1074.4,1177.4,1061.4,1068.0,13690016,15121531594.65,290601
2021-04-09,1163.4,1201.4,1228.0,1151.2,1202.3,12923020,15466062151.2,264400
2021-04-08,1162.5,1162.5,1191.0,1137.75,1159.95,12404773,14492274683.75,255744
2021-04-07,1233.4,1165.55,1251.6,1108.0,1157.9,23007694,27199396143.7,456576
2021-04-06,1153.4,1225.4,1241.0,1142.5,1222.6,21496457,25874426150.45,357142
2021-04-05,1127.0,1138.25,1150.0,1098.85,1141.0,15795720,17808563575.15,298644
2021-04-01,1043.4,1107.2,1116.05,1035.0,1104.65,12713083,13756203233.75,216541
2021-03-31,1038.0,1031.15,1053.15,1016.6,1031.0,6440569,6658170701.65,101244
2021-03-30,1004.0,1031.55,1042.45,988.0,1039.9,10470731,10690838701.7,144844
2021-03-26,1000.0,988.3,1018.45,978.0,989.3,9396506,9325246626.15,128071
2021-03-25,1032.95,981.55,1041.45,977.0,981.0,13139164,13142770606.45,213722
2021-03-24,1063.0,1025.45,1093.0,1018.4,1020.35,22877032,24254123461.0,381907
2021-03-23,999.0,1058.4,1086.7,991.05,1060.0,31098225,32893205021.8,508458
2021-03-22,892.9,991.05,1003.0,883.45,992.5,22596465,21823390368.2,314562
2021-03-19,866.0,889.65,895.4,840.2,885.5,4794995,4174660013.65,63473
2021-03-18,876.0,871.05,891.0,857.75,874.8,4465851,3917986686.5,56225
2021-03-17,898.0,873.9,905.4,865.0,866.25,3886557,3440710243.75,55924
2021-03-16,900.7,897.8,904.4,888.05,898.0,2555026,2290990755.95,38728
2021-03-15,898.75,896.2,904.0,874.5,894.25,5235064,4674145955.35,72245
2021-03-12,905.0,894.1,923.8,889.3,892.0,6049852,5494453914.1,83542
2021-03-10,911.0,898.15,914.1,888.7,895.05,5465016,4924790824.15,72031
2021-03-09,918.0,905.2,928.4,893.6,900.9,5561849,5071976202.35,79060
2021-03-08,918.1,910.2,926.4,905.1,908.9,3904469,3571648086.85,63631
2021-03-05,918.0,909.9,934.0,888.3,911.2,7109101,6485799938.7,103409
2021-03-04,910.0,918.4,938.7,905.4,917.0,8141787,7527816501.3,111078
2021-03-03,880.45,915.35,944.9,872.85,916.0,11670544,10631112570.4,162581
2021-03-02,857.4,872.55,876.5,852.25,869.7,5116413,4414123931.55,64705
2021-03-01,840.75,851.5,860.95,836.45,850.0,5996840,5092999166.4,77419
2021-02-26,833.9,833.65,861.0,819.85,833.85,11355426,9540787952.05,145986
2021-02-25,814.0,843.5,862.4,809.0,845.8,12118095,10142786788.05,149215
2021-02-24,806.0,805.2,812.05,795.45,805.95,4626257,3718554852.9,51155
2021-02-23,814.8,799.65,827.3,789.0,797.25,9753081,7877592871.5,147152
2021-02-22,786.0,805.9,813.0,780.55,806.0,10890564,8675908873.9,141428
2021-02-19,813.0,781.9,831.0,729.5,785.5,20210882,15918309982.2,264125
2021-02-18,787.25,808.2,824.5,786.0,813.0,9694238,7811318246.75,118120
2021-02-17,787.15,785.45,802.0,782.25,785.0,8908279,7047429712.15,127468
2021-02-16,760.0,780.2,802.95,756.25,783.0,19426061,15256376183.0,265192
2021-02-15,725.0,763.45,787.95,707.65,754.1,21579566,16307354157.4,309592
2021-02-12,657.0,718.95,724.45,655.2,711.25,16810897,11727010506.05,213711
2021-02-11,654.0,658.6,661.0,645.35,657.0,3688016,2406630650.8,58679
2021-02-10,633.05,650.7,654.9,622.1,654.0,5991927,3840939886.2,71564
2021-02-09,631.45,629.85,641.9,621.0,633.05,4510798,2849410333.65,58734
2021-02-08,605.4,628.3,638.0,603.55,629.8,7085276,4440356614.0,98888
2021-02-05,595.0,595.35,607.85,588.6,599.0,4754950,2841245975.95,61829
2021-02-04,561.95,589.7,611.7,556.0,590.0,11184167,6640924055.95,131091
2021-02-03,568.0,566.6,576.6,558.35,563.9,6087209,3457949523.65,72204
2021-02-02,542.05,564.2,566.9,540.8,563.4,5144708,2854394171.15,59813
2021-02-01,510.5,537.2,539.5,496.9,539.5,4004036,2082255995.95,47536
2021-01-29,515.2,506.65,525.2,502.5,503.45,3822560,1973320487.05,51287
2021-01-28,507.3,511.85,519.5,501.35,511.8,4197516,2148145551.1,45012
2021-01-27,513.1,512.8,521.55,507.05,509.9,2792007,1437423305.35,26971
2021-01-25,530.25,513.9,534.4,509.0,513.1,3728411,1946040928.6,38888
2021-01-22,534.05,526.8,546.75,521.6,525.05,4179558,2233878750.8,45471
2021-01-21,551.4,536.9,552.95,531.55,537.9,4208383,2292277216.45,42036
2021-01-20,532.15,546.75,552.15,531.0,545.05,6681731,3613068857.75,85212
2021-01-19,512.3,530.1,532.0,512.3,529.9,4181185,2195337548.2,50659
2021-01-18,528.0,507.85,529.1,502.05,504.95,5204588,2681231842.15,59387
2021-01-15,534.7,527.3,537.5,518.8,525.45,3376852,1785578557.85,40288
2021-01-14,534.95,532.1,541.0,528.4,532.0,3161306,1691680538.0,36217
2021-01-13,529.1,536.05,540.2,521.3,533.0,4948731,2636329855.8,53214
2021-01-12,519.0,525.4,536.6,517.1,528.45,4878024,2580716768.35,49859
2021-01-11,520.6,519.15,524.6,510.5,517.05,4148831,2146092715.8,32200
2021-01-08,523.0,518.0,526.6,514.1,519.0,3702267,1924488783.2,38483
2021-01-07,493.9,518.1,523.95,493.8,515.4,9879731,5074049927.95,86263
2021-01-06,496.0,490.9,500.65,484.25,490.0,3295461,1627398169.45,31038
2021-01-05,492.0,494.4,501.4,489.6,495.5,3654033,1812703489.65,35038
2021-01-04,492.0,494.5,502.6,486.65,493.4,4936582,2444301591.45,47480
2021-01-01,477.0,491.15,493.25,477.0,489.0,5035248,2460506025.4,46645
2020-12-31,481.0,479.55,484.0,435.75,477.0,7575962,3610218919.2,62146
2020-12-30,489.2,484.15,496.0,478.4,480.0,5419517,2648794227.05,61643
2020-12-29,492.0,489.2,499.15,484.7,487.0,5849496,2879012308.7,64854
2020-12-28,473.0,490.85,507.0,472.7,490.35,13714406,6792681492.0,137295
2020-12-24,465.0,473.65,479.85,462.4,471.95,7985151,3766494775.6,71535
2020-12-23,458.0,463.6,466.8,454.2,463.7,4604130,2121362159.55,46272
2020-12-22,428.2,458.8,461.55,418.1,458.0,8342699,3690379601.95,91578
2020-12-21,454.0,429.2,460.75,409.65,427.5,5350194,2357468171.1,53838
2020-12-18,461.0,455.15,464.2,450.8,455.65,2159692,985272997.4,23249
2020-12-17,463.4,459.3,473.95,455.1,461.0,4912523,2287291582.4,65439
2020-12-16,462.5,463.25,467.55,457.55,463.0,4088505,1891126660.9,40984
2020-12-15,455.5,462.45,464.05,446.55,462.2,4779869,2185563543.25,53581
2020-12-14,451.0,455.15,462.0,447.0,454.45,3762369,1710568818.3,40441
2020-12-11,447.25,449.8,451.8,440.4,448.85,2940168,1315901506.25,29698
2020-12-10,448.0,447.25,452.25,438.05,446.05,3113868,1387196177.5,30711
2020-12-09,454.0,449.1,458.1,447.3,449.5,2798049,1265087102.3,28205
2020-12-08,457.55,451.9,462.3,446.55,450.8,3872952,1760146842.2,39842
2020-12-07,446.0,457.55,466.35,445.95,455.35,5371039,2446842902.8,50658
2020-12-04,449.0,445.95,456.55,442.0,446.0,4131360,1854704555.8,38726
2020-12-03,453.75,447.55,457.0,443.25,445.9,6848649,3071335924.75,62819
2020-12-02,420.55,453.75,461.9,419.35,452.45,16821595,7492597540.35,136223
2020-12-01,398.0,421.9,423.95,395.1,422.0,7846125,3253356352.4,63473
2020-11-27,401.0,398.4,407.85,396.3,399.9,6429153,2578561845.55,38542
2020-11-26,402.8,401.95,411.55,399.15,401.9,5490958,2221523583.55,54492
2020-11-25,408.95,399.25,411.5,393.0,399.65,3448648,1387872288.45,41919
2020-11-24,409.9,407.2,415.5,404.2,407.55,6167783,2528490573.3,61496
2020-11-23,390.1,409.05,413.7,383.1,406.95,7318547,2924327297.95,77500
2020-11-20,385.1,388.3,402.0,385.0,386.6,5490838,2152766851.3,53532
2020-11-19,390.0,385.75,398.5,377.8,384.65,7731483,3016767508.15,58657
2020-11-18,393.95,394.5,404.7,387.4,392.0,8656493,3424973766.2,87829
2020-11-17,372.0,394.3,401.95,371.0,393.4,10496968,4076981235.2,89625
2020-11-14,369.8,371.25,372.85,369.5,369.85,620753,230563200.0,6326
2020-11-13,364.0,368.6,371.65,362.05,368.4,2786714,1024826364.0,25982
2020-11-12,358.2,365.55,369.5,358.0,365.3,4199715,1534288429.05,33939
2020-11-11,359.2,360.1,362.7,354.05,361.0,2869576,1029155917.2,25031
2020-11-10,358.1,359.5,361.75,353.2,360.15,3590100,1283786137.8,30134
2020-11-09,354.0,357.9,364.7,351.85,356.8,6278843,2252085941.2,53415
2020-11-06,352.0,352.1,353.85,345.05,350.5,3863486,1352486229.35,33357
2020-11-05,353.0,352.75,354.95,345.25,351.5,5361436,1876062024.05,52645
2020-11-04,342.6,351.85,359.5,337.5,350.0,9701398,3381574771.0,97728
2020-11-03,344.0,344.8,349.6,340.15,345.0,4078834,1405732536.15,37442
2020-11-02,339.1,341.1,344.3,333.05,340.25,4272022,1452882459.15,41178
2020-10-30,331.05,339.7,347.5,329.65,335.7,14205844,4812293431.0,114860
2020-10-29,315.4,328.9,332.35,313.2,332.0,6897070,2234310516.3,65133
2020-10-28,313.8,318.85,320.8,309.85,318.2,3098009,976469239.75,31356
2020-10-27,308.0,314.05,315.35,303.0,314.2,3550035,1099695981.4,29626
2020-10-26,318.0,307.4,318.7,305.05,306.15,4397443,1377592913.85,30003
2020-10-23,314.0,315.45,322.45,313.3,314.65,4159352,1322991471.9,41468
2020-10-22,311.0,311.5,314.8,309.0,311.3,2381193,743285000.65,20514
2020-10-21,322.0,312.0,324.7,306.0,310.5,4998996,1577975850.15,40184
2020-10-20,315.3,321.9,327.85,313.5,320.0,7199010,2328367475.4,58834
2020-10-19,309.9,316.95,319.25,309.35,317.95,3330111,1046137112.2,33767
2020-10-16,309.25,307.0,313.95,305.35,307.8,1871538,579562622.1,24631
2020-10-15,315.0,307.1,325.85,305.35,308.0,4960733,1577685848.85,57211
2020-10-14,312.95,313.4,315.7,310.05,314.35,1517710,474830335.0,17527
2020-10-13,315.5,313.2,316.8,309.75,314.5,1454129,455442328.9,16095
2020-10-12,315.0,315.35,322.7,313.0,315.5,2556329,810732979.3,26557
2020-10-09,318.8,313.0,322.05,310.5,314.85,2468904,783039101.7,28539
2020-10-08,329.0,316.25,329.8,310.5,318.95,4125999,1328601150.5,38669
2020-10-07,325.15,330.1,335.6,323.25,327.45,8234015,2715709066.3,63855
2020-10-06,329.4,327.15,331.15,320.3,325.65,7705557,2508619907.2,66051
2020-10-05,311.5,326.6,334.5,307.35,327.9,20009598,6431324037.1,152474
2020-10-01,299.8,308.15,311.95,296.0,310.0,6914505,2096452483.0,50276
2020-09-30,300.0,297.1,304.7,295.1,295.7,5618024,1677419909.4,44732
2020-09-29,299.9,297.9,307.0,292.15,298.0,10246726,3066037933.5,76317
2020-09-28,283.1,295.7,302.05,282.1,300.3,5876021,1710869647.3,45004
2020-09-25,275.9,280.3,283.6,275.0,281.05,7663618,2142181454.75,51759
2020-09-24,277.95,270.45,281.25,269.5,271.2,3690059,1013478278.2,33113
2020-09-23,283.95,283.55,296.25,278.45,281.85,8864858,2549014971.95,73997
2020-09-22,278.25,280.4,283.0,257.5,281.85,12536116,3418891179.6,102459
2020-09-21,293.0,277.1,296.25,265.0,277.5,6460064,1839756128.2,48818
2020-09-18,297.6,291.55,299.7,287.3,291.6,2744797,804906324.9,28522
2020-09-17,295.0,293.7,300.8,292.15,293.6,2466000,730218923.55,28129
2020-09-16,292.7,297.1,302.85,290.1,297.55,6159258,1836262063.95,59646
2020-09-15,294.9,288.55,298.7,270.0,290.0,2552782,747458911.9,29842
2020-09-14,301.8,293.15,304.0,290.15,292.5,6120187,1828225191.05,63888
2020-09-11,299.0,296.0,303.65,292.1,295.4,9743753,2901637043.65,76058
2020-09-10,287.65,298.3,307.95,285.9,297.2,25430550,7620193746.2,207786
2020-09-09,276.9,283.05,286.9,274.4,285.2,6661093,1868451346.85,50783
2020-09-08,286.0,277.7,289.8,273.55,275.75,5660442,1602223902.35,44754
2020-09-07,285.15,285.25,291.7,282.05,285.35,5812023,1665810535.3,48038
2020-09-04,284.0,285.15,293.45,280.1,285.0,6720255,1923627591.75,66933
2020-09-03,294.75,291.25,298.7,287.65,290.7,9061932,2662695663.1,85821
2020-09-02,283.0,293.05,306.0,280.4,292.8,17406700,5151486759.25,150170
2020-09-01,279.95,281.1,287.05,271.55,282.45,5169526,1443578290.3,51037
2020-08-31,290.0,279.55,297.6,270.25,278.0,15172397,4329281700.55,134346
2020-08-28,289.0,288.25,295.65,286.5,287.35,7256286,2107974132.5,59038
2020-08-27,284.9,286.7,297.7,283.7,285.9,15749472,4583474708.3,124274
2020-08-26,299.0,285.55,302.8,278.25,283.0,26720036,7750913764.4,221507
2020-08-25,252.0,307.55,322.4,250.0,299.8,49264767,14151785336.4,299440
2020-08-24,236.0,248.7,253.85,235.0,249.0,11879433,2906831514.75,84346
2020-08-21,237.1,233.35,244.5,231.1,234.0,5797329,1377683897.6,49170
2020-08-20,241.2,234.0,245.0,230.4,236.15,9484513,2258453807.15,79833
2020-08-19,214.25,239.55,245.4,214.25,243.0,19592087,4533551628.65,139730
2020-08-18,200.0,213.7,216.8,199.0,214.0,13368091,2813351420.15,75215
2020-08-17,197.4,197.8,201.65,196.05,197.35,3227005,641759561.4,26760
2020-08-14,202.4,196.2,204.5,191.45,196.5,6617104,1327459649.3,61215
2020-08-13,198.9,200.75,203.3,197.75,201.8,3552469,712830324.9,29858
2020-08-12,195.8,197.7,200.75,190.2,197.1,3352637,660509727.85,31098
2020-08-11,196.0,195.85,199.8,194.4,196.35,2965963,583900555.1,27278
2020-08-10,192.9,195.7,198.3,192.35,195.4,4627829,904655872.65,39754
2020-08-07,181.05,192.9,195.0,180.1,192.0,9386326,1777765630.5,60607
2020-08-06,180.1,185.95,188.0,177.5,184.75,6447346,1182138360.75,37096
2020-08-05,183.0,179.6,184.8,178.5,179.45,4042372,735762804.35,31056
2020-08-04,174.0,182.1,184.0,172.2,181.3,4209093,748458375.2,32421
2020-08-03,175.25,172.25,178.7,171.2,172.6,2789132,490130909.45,22118
2020-07-31,174.0,175.25,178.65,172.1,175.45,2644458,464369718.4,21574
2020-07-30,179.2,175.05,181.35,173.25,174.05,3403350,602018427.7,24773
2020-07-29,174.0,179.1,190.85,172.05,177.85,15392611,2823211174.65,84828
2020-07-28,166.3,173.55,174.9,163.8,172.8,4829254,825812172.35,34317
2020-07-27,168.65,165.95,169.05,163.0,164.1,1156539,191370142.8,9906
2020-07-24,167.4,168.75,169.75,163.65,168.9,1801380,301486033.0,12688
2020-07-23,168.35,169.95,170.7,165.4,170.2,2199271,371449844.05,15090
2020-07-22,167.0,169.4,172.0,162.0,168.85,4611051,776011551.8,27731
2020-07-21,161.45,167.3,168.1,159.1,167.5,6517623,1066161108.5,36990
2020-07-20,153.15,160.7,161.9,152.1,161.45,6330153,1000401854.35,40305
2020-07-17,149.75,151.6,153.9,149.0,152.3,2222846,337278039.45,14846
2020-07-16,148.1,148.9,150.0,145.2,148.25,1473784,217746645.3,12469
2020-07-15,150.1,147.75,153.85,147.0,147.65,2180515,329294389.35,15706
2020-07-14,155.9,149.75,156.25,149.0,149.75,2352037,356484495.05,17732
2020-07-13,161.45,156.05,162.45,154.35,156.0,2586181,407153496.9,17167
2020-07-10,161.5,159.7,163.4,158.5,159.2,1950862,312266414.95,15985
2020-07-09,163.0,162.75,165.1,161.45,162.6,1711099,278815108.45,11657
2020-07-08,168.0,163.0,169.5,161.4,162.7,3650215,607009753.15,30955
2020-07-07,164.5,168.15,170.65,163.3,167.75,8172263,1367797400.7,47991
2020-07-06,161.95,164.2,165.2,160.5,164.6,3515715,575358335.5,24317
2020-07-03,160.0,160.0,163.85,157.4,159.5,4481658,723476639.05,28472
2020-07-02,159.8,158.2,160.95,156.15,158.75,2152710,340966710.6,14616
2020-07-01,157.15,157.65,159.0,156.05,157.0,1681231,264804393.35,12255
2020-06-30,161.4,156.25,164.15,155.25,156.2,3827270,610321357.45,22464
2020-06-29,161.4,159.75,163.55,156.75,159.35,2937549,469027086.65,19915
2020-06-26,164.0,162.15,166.35,161.3,162.35,6774409,1106209316.7,46329
2020-06-25,153.25,161.65,169.2,153.0,162.5,14628400,2390935283.15,89043
2020-06-24,159.1,154.8,163.0,153.5,155.4,4078243,646824723.45,32527
2020-06-23,157.0,157.2,161.8,155.55,157.1,4790124,758114765.8,31871
2020-06-22,154.5,154.65,156.2,153.6,154.8,4663344,723278316.7,18868
2020-06-19,149.6,152.7,154.4,148.9,153.0,5245929,796399460.2,26119
2020-06-18,146.7,147.85,149.45,146.0,148.0,2037815,301310525.25,16346
2020-06-17,145.0,147.15,148.45,143.45,147.4,1252826,183921828.75,11425
2020-06-16,153.5,146.2,154.0,142.75,145.85,2640412,392433335.8,22623
2020-06-15,151.8,149.25,156.85,148.25,149.1,3214996,489307940.35,25000
2020-06-12,144.0,152.3,153.3,141.0,152.65,4817495,713064550.5,32778
2020-06-11,151.85,151.8,165.45,150.25,152.65,16533100,2617048912.2,96730
2020-06-10,152.75,151.85,154.75,150.25,151.75,4135128,631102879.65,55083
2020-06-09,154.2,151.9,156.7,151.05,151.5,3005662,462154810.25,21847
2020-06-08,155.6,152.65,158.5,150.65,152.9,4900204,760420240.3,51110
2020-06-05,148.9,152.45,155.0,148.45,153.2,4111098,626567483.75,42550
2020-06-04,150.5,148.0,153.9,146.15,148.3,3146640,470651043.3,27072
2020-06-03,151.75,150.65,157.9,149.6,150.1,5875945,910038616.6,52245
2020-06-02,151.0,149.95,152.6,148.25,149.9,2482873,373593471.1,23292
2020-06-01,150.0,150.5,154.9,149.5,149.95,3985103,606573814.9,24794
2020-05-29,141.1,148.35,153.6,141.1,147.75,9162612,1365624602.5,50477
2020-05-28,141.7,142.65,144.4,140.6,142.7,2816729,401679609.25,17960
2020-05-27,139.75,141.0,141.6,138.5,140.0,2224751,312180825.3,14416
2020-05-26,139.0,139.5,143.3,138.35,139.1,2657870,374145673.4,23189
2020-05-22,138.0,138.1,141.2,136.6,138.05,2449109,339164911.5,15384
2020-05-21,142.2,138.3,144.0,137.05,138.15,2682563,376096148.55,22923
2020-05-20,139.5,141.35,143.2,138.0,142.0,2872608,404993435.45,19958
2020-05-19,137.8,139.7,145.9,134.45,139.3,5564396,782059402.6,37989
2020-05-18,144.8,135.9,146.4,134.35,135.9,4941536,697296019.25,34898
2020-05-15,141.4,141.05,143.7,140.0,141.05,2145698,304456147.9,16299
2020-05-14,139.55,140.9,142.35,137.4,140.5,1587450,222663655.65,10379
2020-05-13,145.0,141.15,145.0,140.75,141.1,3115040,442818368.95,21894
2020-05-12,138.5,139.9,140.7,133.2,139.75,2901951,398898510.4,20537
2020-05-11,137.85,140.05,143.3,137.5,139.3,2900722,409356336.05,22483
2020-05-08,136.9,137.15,139.35,136.2,137.0,2431475,334447752.1,19115
2020-05-07,131.1,134.9,135.65,130.0,135.25,2423478,325447895.45,21123
2020-05-06,133.65,133.25,135.4,127.3,131.15,6688490,879667550.35,51885
2020-05-05,135.0,132.7,136.35,131.8,133.15,3112486,417988308.65,24886
2020-05-04,136.9,131.55,137.5,130.0,131.5,6013356,796788476.4,37151
2020-04-30,141.45,141.4,147.45,140.3,141.4,4900322,703119772.5,42301
2020-04-29,140.0,139.5,140.7,135.65,140.0,4774365,656729730.4,34981
2020-04-28,135.95,139.3,141.9,135.05,138.9,5721209,800329835.8,42803
2020-04-27,136.4,134.6,138.35,134.1,134.3,2996933,407280721.15,20929
2020-04-24,137.15,134.65,140.55,134.1,134.4,1823167,250600487.8,13960
2020-04-23,140.5,140.5,142.5,137.5,139.6,3371275,474848937.3,24817
2020-04-22,136.0,137.6,138.8,132.1,137.75,6012163,811186921.0,27169
2020-04-21,143.0,135.95,143.0,134.15,135.55,3576178,489556951.1,29177
2020-04-20,146.0,146.7,155.45,142.6,146.9,6835268,1027729558.9,47481
2020-04-17,146.95,143.9,148.55,141.55,143.95,2384033,344594853.8,26603
2020-04-16,142.0,143.3,144.85,140.55,143.2,2685695,382321527.95,20157
2020-04-15,148.05,145.25,150.95,143.2,145.0,3413518,502125233.75,29711
2020-04-13,142.0,146.0,149.0,136.55,149.0,2204560,313775929.3,16097
2020-04-09,140.0,142.45,146.25,140.0,142.45,2359528,337185288.55,16405
2020-04-08,136.85,138.1,147.15,134.9,137.5,3237290,456492273.1,23696
2020-04-07,131.0,138.15,141.5,131.0,137.0,2463525,335256093.7,17669
2020-04-03,134.0,129.05,134.6,128.0,129.05,1761947,228493774.15,14137
2020-04-01,138.95,133.95,138.95,131.8,133.3,1997608,269388582.85,15540
2020-03-31,131.7,137.6,138.45,129.45,136.0,2200227,295466472.2,16220
2020-03-30,124.0,128.7,129.8,121.0,128.5,2397602,305028589.85,22668
2020-03-27,146.0,128.0,151.0,126.25,129.0,4378366,602992399.9,32564
2020-03-26,135.0,140.25,152.0,132.05,140.0,7980255,1136549768.45,34716
2020-03-25,126.0,132.3,134.9,125.0,134.0,2771318,359444697.6,19080
2020-03-24,125.0,130.35,132.95,116.4,131.8,5125923,643964810.1,19507
2020-03-23,123.05,120.9,135.0,118.2,120.15,1456143,184262892.65,14699
2020-03-20,138.0,137.7,141.6,128.7,138.75,4496401,609360425.55,27480
2020-03-19,121.0,128.9,132.95,118.2,130.0,5517080,694275216.0,29278
2020-03-18,135.9,130.2,137.0,127.1,132.5,4255688,559098600.65,35656
2020-03-17,135.7,133.4,142.55,130.5,134.5,6388062,862809713.85,36452
2020-03-16,141.0,134.7,142.3,128.65,135.8,6582849,904439091.2,40424
2020-03-13,145.95,148.75,161.35,129.75,150.3,7463676,1121439145.75,53874
2020-03-12,180.1,162.15,183.9,160.45,161.25,4834390,829321785.1,31733
2020-03-11,197.4,195.75,205.0,192.25,192.55,3763191,750123673.85,21387
2020-03-09,207.0,199.7,208.5,197.25,198.85,2763989,562114487.55,17488
2020-03-06,215.1,214.75,216.75,207.5,212.0,4375226,930157662.15,28384
2020-03-05,223.75,221.75,226.85,219.35,221.0,3159080,705273069.95,22545
2020-03-04,226.1,221.1,227.0,213.55,222.7,5216787,1146474334.4,23482
2020-03-04,226.1,221.1,227.0,213.55,222.7,5216787,1146474334.4,23482
2020-03-04,226.1,221.1,227.0,213.55,222.7,5216787,1146474334.4,23482
2020-03-04,226.1,221.1,227.0,213.55,222.7,5216787,1146474334.4,23482
2020-03-04,226.1,221.1,227.0,213.55,222.7,5216787,1146474334.4,23482
2020-03-04,226.1,221.1,227.0,213.55,222.7,5216787,1146474334.4,23482
2020-03-03,221.0,225.75,228.65,219.25,224.95,2992170,669357788.5,17147
2020-03-03,221.0,225.75,228.65,219.25,224.95,2992170,669357788.5,17147
2020-03-03,221.0,225.75,228.65,219.25,224.95,2992170,669357788.5,17147
2020-03-03,221.0,225.75,228.65,219.25,224.95,2992170,669357788.5,17147
2020-03-03,221.0,225.75,228.65,219.25,224.95,2992170,669357788.5,17147
2020-03-02,223.0,218.6,226.7,216.15,218.0,3162614,702561691.2,19406
2020-02-28,221.0,218.65,226.8,217.0,217.5,3364181,744473793.25,18914
2020-02-27,241.45,234.15,241.45,232.05,232.5,3568055,844681609.45,20571
2020-02-26,244.0,242.8,246.3,241.0,241.4,2897390,707098850.75,17903
2020-02-25,249.8,246.45,251.75,242.4,246.25,3309962,818237334.6,18849
2020-02-24,254.8,247.25,255.85,244.1,244.95,3309214,828264392.1,18619
2020-02-20,253.2,258.65,261.0,252.65,257.7,3108173,800010870.55,18560
2020-02-19,250.0,254.0,255.5,249.9,252.85,2101729,532231308.1,13713
2020-02-19,250.0,254.0,255.5,249.9,252.85,2101729,532231308.1,13713
2020-02-19,250.0,254.0,255.5,249.9,252.85,2101729,532231308.1,13713
2020-02-19,250.0,254.0,255.5,249.9,252.85,2101729,532231308.1,13713
2020-02-19,250.0,254.0,255.5,249.9,252.85,2101729,532231308.1,13713
2020-02-18,251.65,249.45,251.65,245.25,248.9,2430446,603478945.5,16739
2020-02-17,256.9,252.5,257.4,251.65,252.6,2411524,614509672.45,18128
2020-02-14,252.5,256.15,258.6,251.55,255.95,4968325,1271877366.05,38927
2020-02-13,249.8,251.45,252.75,248.25,251.0,2563148,642851909.6,18466
2020-02-12,245.9,249.7,251.4,245.0,248.75,4490312,1119443785.25,31166
2020-02-11,245.2,245.3,248.6,243.65,244.5,3533751,870512324.0,23934
2020-02-10,239.5,244.5,245.15,237.55,243.7,5588211,1354598507.5,41378
2020-02-07,236.4,239.5,242.15,235.25,238.45,5052443,1210245103.25,38871
2020-02-06,237.4,236.5,243.6,234.1,234.7,8852675,2115780224.55,55491
2020-02-05,226.75,236.25,239.3,222.55,236.9,8985919,2078126734.2,58565
2020-02-04,222.65,225.45,227.15,222.05,224.6,2028088,456711544.05,11967
2020-02-03,221.7,220.9,224.65,215.6,221.4,2720614,600791658.5,16315
2020-02-01,228.0,222.8,233.65,220.8,221.65,3046388,691681169.1,18026
2020-01-31,231.0,229.45,234.55,227.15,228.55,2720308,629599838.7,18857
2020-01-30,232.3,231.5,232.75,228.2,229.6,2192123,505417129.4,12795
2020-01-29,231.7,232.3,238.35,231.0,231.75,3738186,877250878.8,23294
2020-01-28,232.25,229.9,234.5,229.1,229.3,2161711,500970683.8,16321
2020-01-27,229.5,230.55,236.45,226.05,230.7,5293975,1234387488.45,36646
2020-01-24,225.5,229.75,232.4,219.0,229.0,7154795,1622948894.6,41155
2020-01-23,226.0,229.6,231.2,225.75,228.7,2650092,606961652.9,15737
2020-01-22,224.8,225.9,228.0,221.15,225.4,2939366,662858695.85,19573
2020-01-21,224.35,224.25,227.0,220.5,223.65,2813526,630368841.25,19279
2020-01-20,229.55,226.55,232.25,224.15,225.95,4546367,1034066184.25,31281
2020-01-17,216.0,228.4,229.25,213.7,227.75,10810744,2404752505.95,48991
2020-01-16,217.7,220.0,222.5,217.0,219.5,4280379,942179752.45,27655
2020-01-15,214.5,216.6,218.0,212.5,218.0,1982079,426937660.75,11161
2020-01-14,213.45,214.35,215.5,211.85,213.05,1775182,379506359.7,10469
2020-01-13,210.65,213.6,216.25,209.6,212.6,3527267,753432390.9,20596
2020-01-10,208.0,209.1,213.0,205.9,210.5,2769132,577749576.2,16595
2020-01-09,201.9,208.0,208.9,201.9,208.0,3496063,719831005.25,20369
2020-01-08,201.0,201.5,203.55,194.55,200.5,5762654,1149028631.95,35823
2020-01-07,200.55,204.05,205.7,200.55,202.95,2966120,603438498.4,17757
2020-01-06,207.75,199.55,207.75,197.75,199.35,4353179,874253932.35,25330
2020-01-03,210.25,208.3,212.35,205.8,208.35,2512421,524673620.55,14792
2020-01-02,208.0,211.2,213.2,207.5,210.9,2991937,630593790.0,19649
2020-01-01,209.0,207.85,210.45,206.65,207.55,1553127,323377254.4,10641
2019-12-31,208.7,208.35,210.75,207.65,207.7,1600059,334327365.75,9191
2019-12-30,209.9,208.65,211.6,208.0,208.35,1938731,406227550.7,13068
2019-12-27,209.05,209.1,211.2,207.1,210.0,2240503,469015593.35,12271
2019-12-26,208.95,208.95,211.1,205.6,210.45,3299177,686718470.15,19516
2019-12-24,214.55,209.15,216.95,207.6,208.85,2984621,633360473.55,18225
2019-12-23,217.75,214.55,220.8,212.4,214.5,3709426,803238280.95,32301
2019-12-20,210.0,218.8,220.8,209.5,217.6,6997898,1518804929.75,42167
2019-12-19,207.65,210.55,211.0,206.75,210.5,2180662,457029411.7,12855
2019-12-18,211.8,208.15,212.45,205.6,207.8,2542320,529190668.65,15181
2019-12-17,210.5,211.2,213.2,210.0,211.15,1968218,415859379.7,9914
2019-12-16,212.1,210.5,213.25,209.4,209.7,2184582,461186998.7,12092
2019-12-13,210.5,212.2,213.25,208.5,211.85,2867800,606312865.0,19513
2019-12-12,206.9,210.4,212.35,206.6,209.35,2958155,619522422.7,22984
2019-12-11,203.1,206.15,207.8,202.65,205.6,2155584,442668476.95,17013
2019-12-10,207.45,204.2,208.2,203.3,203.35,2139886,439587492.1,12408
2019-12-09,205.9,207.45,209.7,202.4,207.35,2550809,527711887.75,16388
2019-12-06,208.45,206.5,210.05,205.05,205.05,1958477,406062014.65,12979
2019-12-05,213.0,208.4,213.7,207.35,207.65,2309030,483882449.85,15157
2019-12-04,205.8,212.45,213.5,205.3,212.5,2917279,612936447.6,19342
2019-12-03,208.0,207.85,209.95,203.55,206.7,2382612,492633069.9,16193
2019-12-02,212.0,209.0,213.7,206.05,208.35,3169460,664413185.2,20785
2019-11-29,212.4,214.9,221.5,211.7,213.6,7969827,1733065586.1,50943
2019-11-28,212.8,213.1,216.2,210.5,211.95,4234343,905687060.75,39098
2019-11-27,209.9,213.55,215.2,208.5,212.0,4051404,861702880.5,25843
2019-11-26,214.75,210.6,217.7,207.15,210.0,5247790,1111216465.4,33673
2019-11-25,201.9,215.2,216.25,201.6,215.5,6805228,1437242094.75,39031
2019-11-22,204.75,203.45,206.3,200.1,202.0,2545651,517367034.15,16109
2019-11-21,206.9,205.5,209.0,201.95,204.45,4409698,909161105.9,24824
2019-11-20,198.5,205.7,207.45,198.1,204.4,3488019,710357907.8,21164
2019-11-19,202.0,199.7,202.6,196.25,198.45,2954848,590302461.1,19218
2019-11-18,203.8,201.15,205.6,200.1,200.15,2041767,414918973.95,13388
2019-11-15,202.0,203.6,205.0,200.8,203.1,3314555,674275624.0,19200
2019-11-14,196.25,202.3,203.15,194.05,201.6,4141184,830455493.8,28224
2019-11-13,209.0,198.2,210.75,194.3,197.5,9836594,1963502356.15,63382
2019-11-11,206.95,210.85,212.25,206.05,210.8,2907157,610068301.9,20360
2019-11-08,208.7,208.05,212.0,206.2,207.25,4057743,850681983.5,23951
2019-11-07,207.9,209.15,210.4,205.5,209.25,3959490,824965103.6,26887
2019-11-06,199.0,207.55,209.7,198.6,207.2,6220311,1281001743.45,38205
2019-11-05,200.0,200.55,201.5,197.7,200.0,2326138,464497562.1,16451
2019-11-04,200.95,200.9,203.9,198.25,199.5,3965499,797281263.35,21529
2019-11-01,199.0,200.45,202.4,196.2,199.85,3522957,702469075.2,20646
2019-10-31,196.7,199.65,201.3,196.0,197.45,6584768,1308967220.75,36959
2019-10-30,194.35,195.75,197.45,192.3,194.9,4791525,934371232.95,35683
2019-10-29,182.8,195.55,197.0,182.35,192.95,9534790,1826682713.7,48833
2019-10-27,182.9,183.4,184.25,182.0,182.8,1003414,183774395.3,6284
2019-10-25,179.5,181.3,183.7,177.2,180.65,7857185,1422963394.95,42181
2019-10-24,175.0,179.0,180.0,174.3,179.5,4753708,842684897.95,26028
2019-10-23,178.75,176.45,178.75,172.4,175.8,4743985,833179725.2,25735
2019-10-22,174.5,178.65,180.0,173.4,178.4,7909839,1406654337.9,33677
2019-10-18,174.9,175.1,175.8,165.1,174.2,14162661,2429532220.05,76434
2019-10-17,159.8,162.55,165.0,157.65,163.0,6523046,1051138372.85,31817
2019-10-16,155.0,160.15,160.9,155.0,159.85,9587304,1517415199.1,59372
2019-10-15,147.7,155.0,155.85,146.6,154.9,11048872,1684046273.75,62824
2019-10-14,137.9,147.1,152.4,137.0,146.95,10795909,1577144711.85,55796
2019-10-11,137.45,136.95,138.8,134.6,136.4,2780875,379879927.7,12898
2019-10-10,138.0,137.4,139.1,135.3,136.75,2413888,330810348.5,13319
2019-10-09,134.95,139.0,139.65,134.1,138.4,2682715,367061579.3,15509
2019-10-07,138.45,135.8,140.0,135.25,135.5,2701943,370748869.45,12557
2019-10-04,143.95,140.0,144.5,137.55,137.9,2382805,338348536.35,11951
2019-10-03,143.0,143.55,145.0,141.4,142.85,2070232,296454352.75,11122
2019-10-01,146.1,143.65,147.7,140.5,143.45,3732047,538810712.85,16300
2019-09-30,149.1,145.85,149.75,143.75,145.5,3528313,514811290.0,17924
2019-09-27,152.7,149.45,152.7,147.2,148.9,4016921,600973830.4,20727
2019-09-26,148.45,152.7,155.4,146.65,151.9,7013490,1067472084.1,34442
2019-09-25,149.7,147.55,151.0,145.5,147.1,4572108,678709978.8,27829
2019-09-24,151.25,148.05,153.0,145.4,147.2,4576924,681934178.9,24217
2019-09-23,154.0,152.4,154.0,147.55,149.5,4136992,624319958.3,19040
2019-09-20,143.0,149.1,152.1,141.3,148.0,7545363,1117587702.55,33241
2019-09-19,143.95,142.55,144.9,140.5,142.0,2662885,379336598.9,11865
2019-09-18,144.0,144.15,146.0,142.1,145.0,3465608,499550406.85,18688
2019-09-17,145.5,143.75,147.9,142.4,143.45,4167662,605060423.0,20490
2019-09-16,144.0,145.95,147.2,143.15,145.45,3713796,540625710.75,21969
2019-09-13,143.0,145.75,146.9,140.55,145.3,3561056,512489586.3,18665
2019-09-12,144.85,143.05,146.3,142.05,142.45,3500479,503194921.45,18234
2019-09-11,140.05,143.95,144.9,140.05,143.5,4245005,606870046.7,18344
2019-09-09,137.8,140.9,141.75,136.35,140.05,4349296,607855209.95,18303
2019-09-06,135.4,137.75,138.45,135.05,137.65,3744649,512276334.7,16142
2019-09-05,135.0,135.75,138.65,133.35,135.35,6840367,928945875.25,33247
2019-09-04,134.6,134.95,135.5,130.6,134.25,4313711,574908306.6,23172
2019-09-03,135.6,135.25,136.9,133.0,133.25,3477541,471385820.35,15715
2019-08-30,132.4,137.35,138.3,132.15,137.25,7806183,1061788119.35,39392
2019-08-29,138.0,132.35,138.0,130.35,132.0,6108447,815729194.15,28610
2019-08-28,136.2,135.95,137.1,132.15,135.75,5312871,716387912.2,18411
2019-08-27,134.75,137.15,138.2,133.9,136.75,4495705,612509076.75,23115
2019-08-26,132.1,135.2,135.95,128.3,134.75,5507570,733448998.2,26352
2019-08-23,123.4,131.3,132.2,122.9,130.9,4374006,563842826.25,21883
2019-08-22,130.95,126.9,131.3,126.1,126.5,3358838,432494621.8,18298
2019-08-21,134.0,131.9,135.3,130.25,130.85,3426518,455438799.95,17219
2019-08-20,135.7,135.65,136.8,132.05,134.35,4515865,607874944.15,23500
2019-08-19,132.8,135.5,136.95,132.3,135.0,4261741,572938151.55,20548
2019-08-16,130.0,132.85,133.95,128.15,133.7,4087073,537435782.8,20617
2019-08-14,130.9,130.65,132.45,127.35,130.8,4761139,621188539.55,23786
2019-08-13,133.0,130.3,133.9,128.6,129.65,4226112,555476397.0,20073
2019-08-09,134.7,132.4,135.9,130.1,132.1,8589075,1139505665.95,40101
2019-08-08,126.2,130.9,134.0,124.05,132.5,7070036,908817773.3,39009
2019-08-07,128.2,125.6,130.15,124.6,125.8,3911797,497562759.1,22678
2019-08-06,124.0,128.2,129.45,124.0,128.4,3899290,495539844.05,22625
2019-08-05,126.2,124.7,126.4,121.15,124.45,5259236,650327794.9,24646
2019-08-02,124.9,128.1,129.75,123.3,127.1,4637509,589285162.65,24016
2019-08-01,128.6,125.45,129.1,123.0,125.15,4462938,559549320.65,29764
2019-07-31,125.0,128.8,129.3,124.2,128.3,3665392,466671990.95,18409
2019-07-30,128.0,125.35,131.0,123.85,125.55,4167043,530226464.5,20554
2019-07-29,131.0,129.45,131.85,127.1,128.35,4349871,561155811.0,21143
2019-07-26,129.4,131.85,134.2,128.4,131.6,3632048,479057772.7,20489
2019-07-25,130.5,129.4,131.3,127.75,129.25,3977652,515133235.85,19142
2019-07-24,133.45,129.8,134.0,127.85,129.45,5403438,702658790.25,23638
2019-07-23,131.45,134.05,135.95,130.75,134.4,5753483,769396876.7,28265
2019-07-22,130.75,131.65,134.2,128.7,131.6,5467444,719324405.2,27681
2019-07-19,134.25,131.4,135.2,130.3,132.2,4256095,561481118.65,27023
2019-07-18,137.7,134.2,137.95,133.35,134.15,4247055,575152398.75,23921
2019-07-17,140.2,138.05,141.0,137.0,137.55,3984405,552764447.05,24201
2019-07-16,137.9,140.15,140.95,136.6,139.9,4954078,688742991.65,25483
2019-07-15,141.0,137.95,141.7,136.1,137.45,4491271,620530600.25,24662
2019-07-12,141.0,140.3,143.45,137.8,140.9,6678610,937621322.3,33490
2019-07-11,140.5,141.0,141.85,137.5,140.35,5098558,713444106.55,26841
2019-07-10,142.0,139.35,142.5,137.25,138.95,5548654,773722873.05,26350
2019-07-09,138.05,141.15,143.2,135.75,142.1,7317997,1023192143.75,41597
2019-07-08,143.25,138.9,146.25,137.55,139.1,5896584,835294700.75,34336
2019-07-05,156.3,147.3,156.85,145.85,146.8,6607087,999079096.2,39721
2019-07-04,160.1,156.1,161.8,154.3,155.4,15687573,2483386013.9,79690
2019-07-03,156.4,155.6,157.6,154.2,154.8,5661251,881287819.3,33800
2019-07-02,154.9,154.7,158.2,151.4,154.2,11741576,1816562620.15,66615
2019-07-01,150.65,154.1,155.6,148.05,153.95,6182608,942776917.85,33086
2019-06-27,152.3,152.85,154.95,151.5,152.7,2858423,438397477.05,15600
2019-06-26,150.0,153.8,155.3,148.5,152.5,4779891,725467137.65,22805
2019-06-25,146.5,150.85,151.95,144.85,149.5,4920288,729963562.8,20915
2019-06-24,145.9,147.75,148.8,144.6,146.6,3240654,476670230.1,15888
2019-06-21,147.0,146.8,152.0,145.95,146.0,4673136,694118444.25,24867
2019-06-20,142.3,148.45,149.7,140.35,148.5,4477064,652109094.05,27337
2019-06-19,148.45,142.8,149.75,140.6,141.5,4744374,687126982.45,28162
2019-06-18,147.35,147.95,148.85,144.0,147.45,5764444,845532038.0,31823
2019-06-17,153.0,147.9,153.95,147.25,148.2,3470303,518255904.25,24073
2019-06-14,156.0,152.45,156.0,151.55,152.05,6589668,1013329409.45,36381
2019-06-13,153.2,153.1,158.85,149.0,152.35,7968656,1221121179.65,41879
2019-06-12,154.0,153.2,159.35,150.55,154.6,7477081,1160081368.4,44488
2019-06-11,149.5,153.6,154.25,148.35,153.8,3413094,517778315.45,20745
2019-06-10,152.0,149.95,155.5,147.0,150.1,3967379,598996463.4,23758
2019-06-07,152.95,151.35,153.55,146.8,152.0,5016442,752919062.45,28649
2019-06-06,156.9,153.15,157.8,151.2,151.75,3832155,589753127.75,22049
2019-06-04,158.15,157.6,159.3,154.5,158.0,5502910,863740630.9,30946
2019-06-03,154.0,159.05,161.9,151.65,158.6,7975636,1253889329.8,44818
2019-05-31,158.5,154.75,159.3,149.1,154.0,7553254,1165985282.35,41292
2019-05-30,158.1,158.1,159.4,155.1,158.05,6740283,1059433609.0,37195
2019-05-29,157.95,155.15,158.4,151.75,157.0,12993604,2013319205.7,77069
2019-05-28,157.1,157.65,160.35,156.05,157.85,5456461,861168561.8,34877
2019-05-27,159.1,157.2,160.7,155.15,157.0,9664810,1524194070.35,50796
2019-05-23,169.5,161.05,180.8,157.7,160.85,61334483,10410635216.8,330692
2019-05-22,155.05,157.95,158.8,152.8,158.15,13565092,2120740531.9,81562
2019-05-21,154.7,154.65,158.95,148.45,155.0,39732349,6108947866.75,207105
2019-05-20,131.2,151.95,154.9,128.1,153.85,37670288,5366622157.3,193641
2019-05-17,117.75,119.3,120.55,116.1,118.7,4631007,548907535.6,31960
2019-05-16,118.1,118.8,119.5,113.0,118.45,5368281,628713585.3,32052
2019-05-15,124.2,117.4,124.95,116.1,117.0,3659017,436516152.85,26828
2019-05-14,116.35,123.35,124.55,115.0,123.75,4548264,548014070.15,30320
2019-05-13,120.7,117.6,120.9,116.65,117.3,2124122,252488710.45,10899
2019-05-10,121.0,120.0,122.3,119.25,119.95,2835247,342313141.35,13435
2019-05-09,121.9,120.1,122.2,119.15,120.6,2907774,350059630.6,13797
2019-05-08,121.8,120.9,123.65,120.4,121.1,2661345,324388610.3,15803
2019-05-07,126.4,122.35,127.0,120.05,121.85,4593214,571259198.05,27660
2019-05-06,125.75,125.6,127.4,125.05,125.15,1996014,251777303.95,10237
2019-05-03,124.0,128.3,129.0,123.0,127.7,6222801,788539461.85,33375
2019-05-02,126.0,126.65,130.0,124.8,126.35,3754433,477367644.65,17721
2019-04-30,131.8,127.05,131.8,125.0,126.7,4006829,509652053.7,21582
2019-04-26,135.0,131.4,135.65,130.25,131.0,4350584,574537235.45,45517
2019-04-25,135.1,134.75,137.0,133.85,134.75,2112063,285956968.45,12112
2019-04-24,132.75,136.15,137.1,132.1,135.75,4329268,583015506.75,18780
2019-04-23,135.4,132.5,136.3,131.55,132.7,4084835,546870158.15,19093
2019-04-22,138.0,135.15,138.65,134.35,134.6,3189574,435650073.4,21548
2019-04-18,143.1,138.6,144.45,137.65,137.9,3954004,552400028.5,26105
2019-04-16,142.2,143.05,145.35,142.2,142.6,3648947,524562369.05,21447
2019-04-15,141.0,142.95,145.15,140.55,142.5,4375074,624827383.8,24852
2019-04-12,140.8,141.4,144.45,139.2,140.8,5769634,816739997.25,30386
2019-04-11,142.75,141.0,143.15,138.6,139.95,3535449,498317590.7,24126
2019-04-10,145.75,142.85,147.4,142.05,142.45,4356153,627382040.25,29551
2019-04-09,142.3,146.0,147.0,137.45,145.3,8432342,1204169366.0,51465
2019-04-08,147.5,141.95,148.65,141.1,141.5,4399839,633572319.95,24011
2019-04-05,148.0,146.9,149.2,146.2,146.85,2004719,295506165.0,13247
2019-04-04,147.95,147.5,150.3,145.45,147.4,3963980,586466222.2,26648
2019-04-03,150.3,147.55,152.65,146.6,147.05,3416023,512276086.9,20604
2019-04-02,151.7,151.65,153.3,148.35,150.75,6228254,942141593.15,37723
2019-04-01,147.45,151.45,153.2,145.1,150.25,7938713,1186070752.65,46237
2019-03-29,139.6,146.75,150.2,139.3,146.6,13910654,2039219579.35,72873
2019-03-28,138.45,137.8,143.15,136.3,137.9,3966292,554773318.6,21095
2019-03-27,138.55,137.5,140.95,136.25,138.0,2778662,384904349.6,17700
2019-03-26,134.9,138.3,140.0,133.4,138.0,4180951,576624529.55,22228
2019-03-25,137.0,134.35,137.6,133.5,133.8,2977535,403136206.55,16212
2019-03-22,140.7,138.25,141.45,137.05,137.4,3147147,437645891.8,19336
2019-03-20,142.0,139.45,142.7,138.05,138.9,3242462,455218805.2,17519
2019-03-19,144.45,142.0,144.85,140.5,140.9,4320808,615802651.0,24731
2019-03-18,142.4,143.9,145.0,140.35,143.8,4934286,703674666.1,24964
2019-03-15,145.8,141.85,148.9,140.25,141.3,5981701,863422330.55,30571
2019-03-14,147.4,145.55,149.2,143.6,144.65,4052596,590758829.3,21383
2019-03-13,148.4,147.35,150.4,145.4,147.4,5700158,841158930.7,31730
2019-03-12,140.5,148.4,150.75,140.05,147.7,12543653,1839074183.75,66627
2019-03-11,137.85,139.05,140.95,137.6,139.15,2550759,355797755.5,14684
2019-03-08,135.75,138.2,139.35,135.4,137.55,3681442,506327795.5,26547
2019-03-07,139.0,136.9,140.95,135.3,136.95,3496617,483329484.25,21476
2019-03-06,142.75,139.25,143.75,138.2,138.7,4856085,682183468.1,25264
2019-03-05,132.5,141.8,143.7,132.0,140.0,7598974,1058072337.45,45175
2019-03-01,130.35,133.85,135.2,128.85,133.0,7738116,1026822812.35,37896
2019-02-28,133.5,128.85,134.2,128.0,128.25,3960957,519985309.3,20455
2019-02-27,133.8,132.25,136.3,129.55,131.8,5875292,783010835.15,33105
2019-02-26,130.0,132.1,134.3,128.0,133.0,8879092,1167098695.5,47200
2019-02-25,125.0,132.0,133.9,123.0,130.65,12769956,1654936163.4,70459
2019-02-22,120.25,128.05,130.7,119.8,124.5,14695085,1848851227.7,73657
2019-02-21,119.8,119.4,121.0,117.9,119.05,2698192,322554413.9,18870
2019-02-20,117.95,120.05,121.1,116.2,118.8,3739081,447177285.8,18731
2019-02-18,118.3,117.5,119.9,116.1,117.15,2569451,303238975.9,16074
2019-02-15,118.15,119.8,121.15,116.5,118.2,4509378,536451823.35,24725
2019-02-14,118.45,118.1,119.5,116.0,117.8,4962697,583127698.9,33691
2019-02-13,117.0,119.55,125.6,115.5,115.95,9784596,1183106581.45,50621
2019-02-12,117.2,116.95,120.0,115.35,115.65,3698931,434938778.95,20767
2019-02-11,122.95,118.2,123.25,115.8,117.2,7048335,837384807.9,33383
2019-02-08,123.0,123.75,125.45,115.7,122.0,8059813,982600893.5,45346
2019-02-07,122.2,123.95,126.8,119.05,123.3,9826247,1211162999.25,53136
2019-02-06,123.85,122.9,124.2,114.8,121.95,9905219,1190740530.05,45393
2019-02-05,122.0,124.25,127.4,119.6,122.05,8484607,1052772159.05,39749
2019-02-04,142.9,123.1,142.9,121.3,121.95,9832462,1255108533.5,55474
2019-02-01,136.95,143.0,144.8,134.55,142.65,7091209,998418569.55,43786
2019-01-31,139.5,137.15,141.75,135.0,136.0,3498642,482472334.2,19195
2019-01-30,140.9,139.9,141.5,136.5,138.9,3102926,430573232.4,19542
2019-01-29,136.45,140.8,143.8,133.6,139.65,4301493,595967759.6,29415
2019-01-28,138.0,136.4,141.0,118.95,138.0,9404485,1256603126.9,45870
2019-01-25,142.85,137.35,145.45,136.15,137.0,3297651,464830762.35,17143
2019-01-24,143.0,142.55,144.05,141.1,142.95,1678843,239131538.9,8688
2019-01-23,145.5,143.0,146.5,142.05,142.2,2322990,334232958.6,11100
2019-01-22,145.4,145.7,146.65,141.7,145.6,2261667,326568620.2,11604
